Title_en,Title_ar,Description_en,Description_ar,Project Name,Project Status,Unit Number,Floor,Bedrooms,Bathrooms,Total Area (Sq Ft),List Price,DP Value,Area,City,uaeEmirate,Balcony,Parking Slots,Ameneties,Property Type,offering_type,category,Furnishing,video_360,video_tour,ID
Corner 1BR Apartment with Partial Creek View | ...,شقة غرفة وصالة زاوية بإطلالة جزئية على الخور | ...,"Discover an excellent investment and end-user opportunity in Ajman Pearl Tower, located in the heart of Al Rashidiya 1, Ajman.

This corner 1-bedroom apartment offers a well-planned layout with 1,083.28 sq. ft. of total area, featuring partial creek views, abundant natural light, and a private balcony. The unit is unfurnished, allowing you to design the space to your personal taste.

Property Details:

1 Bedroom | 2 Bathrooms

Corner unit

Partial creek view

Built-up area: 1,083.28 sq. ft.

Open kitchen layout

Balcony

Covered parking

Amenities & Features:

Central air conditioning

24/7 security

Childrens play area

Pet-friendly community

Well-maintained common areas

Financial Highlights:

Price: AED 584,798

Paid: AED 143,773

Balance: AED 441,025

Expected handover: Q1 2027

Attractive resale opportunity

Strategically located with easy access to main roads, retail, schools, and daily conveniences, this property is ideal for both investors seeking strong returns and end-users looking for comfortable urban living.

 Contact us today for more details or to schedule a viewing.","""العنوان

شقة غرفة وصالة زاوية بإطلالة جزئية على الخور | برج عجمان بيرل

الوصف

فرصة مميزة للسكن أو الاستثمار في Ajman Pearl Tower، أحد أبرز الأبراج السكنية في الراشدية 1  عجمان.

تتميز هذه الشقة الزاوية المكونة من غرفة وصالة بمساحة واسعة تبلغ 1,083.28 قدم مربع، مع إطلالة جزئية على الخور، إضاءة طبيعية ممتازة، وشرفة خاصة. الشقة غير مفروشة، مما يمنحك حرية التصميم حسب ذوقك.

تفاصيل العقار:

غرفة نوم واحدة | حمامان

وحدة زاوية

إطلالة جزئية على الخور

المساحة: 1,083.28 قدم مربع

مطبخ مفتوح

شرفة

موقف سيارة مغطى

المميزات والخدمات:

تكييف مركزي

أمن على مدار الساعة

منطقة ألعاب للأطفال

يسمح بتربية الحيوانات الأليفة

مرافق مشتركة مُعتنى بها

البيانات المالية:

السعر: 584,798 درهم

المدفوع: 143,773 درهم

المتبقي: 441,025 درهم

موعد التسليم المتوقع: الربع الأول 2027

فرصة إعادة بيع مميزة

موقع استراتيجي قريب من الطرق الرئيسية، المحلات التجارية، المدارس، وجميع الخدمات اليومية، مما يجعل العقار خيارًا مثاليًا للمستثمرين وللسكن العائلي المريح.

 تواصل معنا اليوم لمزيد من التفاصيل أو لحجز موعد للمعاينة.""",Ajman Pearl Tower,off_plan,1206,12,1,2,1083.28,584798,143773,Al Rashidiya 1,Ajman,northern_emirates,Yes,,"balcony, central-ac, security, pets-allowed, childrens-play-area, covered-parking",apartment,sale,residential,unfurnished,https://vimeo.com/1099104608?fl=pl&fe=sh,,846496
Studio with City And Commnuty View | Al Ameera...,استوديو بإطلالة على المدينة والمجتمع | قرية الأ...,"Tired of watching property prices soar while you're stuck paying rent? This isn't just another listingit's a calculated financial breakthrough.

 A spacious 657.65 sqft Studio in the thriving Al Ameera Village D2, Phase 5.

Property Details:

 Price: AED 430,215
 Paid: ONLY AED 37,208 
 Balance: AED 393,007
 Monthly installment: AED 4,190 (Next payment isn't until 15/01/2026 - breathe and plan!)

Why This Is A Masterstroke:

Your current rent is probably higher than this installment. Why fund someone else's wealth when you can build your own asset for the same monthly output

No Registration Fees.
What you see is what you pay. Transparency is our policy.

Property Facts That Seal The Deal:


 Dual Views: Enjoy both the vibrant city skyline and the serene community landscape.
 Practical Layout: A close kitchen designperfect for containing cooking aromas and maximizing living space.
 Private Parking Included

It's designed for the first-time buyer who thought ownership was out of reach, and the astute investor who spots a high-yield entry point.


 Contact us today for more details or to schedule a viewing.","هل سئمت من ارتفاع أسعار العقارات بينما أنت عالق في دفع الإيجار؟ هذه ليست مجرد فرصة استثمارية عادية، بل هي نقلة نوعية في وضعك المالي.

 استوديو واسع بمساحة 657.65 قدم مربع في قرية الأميرا D2، المرحلة 5، وهي منطقة مزدهرة.

 تفاصيل العقار:

 السعر: 430,215 
 المدفوع: 37,208 
 الرصيد المتبقي: 393,007 
 القسط الشهري: 4,190 درهمًا (القسط التالي في 15/01/2026 - خذ نفسًا عميقًا وخطط جيدًا!)

 لماذا هذه فرصة ذهبية؟

 من المحتمل أن يكون إيجارك الحالي أعلى من هذا القسط. لماذا تموّل ثروة غيرك بينما يمكنك بناء ثروتك الخاصة بنفس العائد الشهري؟

 لا توجد رسوم تسجيل.

 ما تراه هو ما تدفعه. الشفافية هي مبدأنا.

 مزايا العقار التي تُحسم الصفقة:

 إطلالتان رائعتان: استمتع بإطلالة بانورامية على أفق المدينة النابض بالحياة، بالإضافة إلى هدوء المنطقة المحيطة.

 تصميم عملي: مطبخ مُغلق مثالي لحجب روائح الطهي والاستفادة القصوى من مساحة المعيشة.

 موقف سيارات خاص مُضمن.

صُمم هذا العقار خصيصًا للمشتري لأول مرة الذي ظن أن امتلاك منزل أمرٌ بعيد المنال، وللمستثمر الذكي الذي يرى فرصة استثمارية مُربحة.

 تواصل معنا اليوم لمزيد من التفاصيل أو لحجز موعد.",Al Ameera Village Phase 5,off_plan,115,1,1,1,657.65,430215,37208,Al Yasmeen,Ajman,northern_emirates,,,"central-ac, security, covered-parking, private-garden",apartment,sale,residential,unfurnished,https://youtu.be/X5NQUQSFyWY,,812151
Studio with City And Commnuty View | Al Ameera...,استوديو بإطلالة على المدينة والمجتمع | قرية الأ...,"Studio For Sale That Breaks The Mold In Al Ameera Village Phase 3 / Ajman

Stop imagining studio life as a cramped box. This 573 sqft home in Al Ameera Village B15 redefines compact living by offering something priceless: SPACE TO BREATHE.

Payment Details:


 Price: AED 370,000
 Paid: AED 161,000
 Balance: AED 209,000
 Monthly installment: JUST AED 2,880
Imagine what you'll save compared to rent


 Smart & Private Layout: The close kitchen design keeps your living space pristine and odor-free. You get true separation between living and cooking areasa luxury in studio design.
 Community & Convenience: Nestled in a prime spot of Al Ameera Village with private parking.

This is the antithesis of compromise. Its for those who refuse to choose between financial sense and quality of life. You get a manageable investment AND a home that nurtures your well-being every single day.

Don't just buy a studio. Invest in a lifestyle.

 Contact us today for more details or to schedule a viewing.","شقة استوديو للبيع بتصميم فريد في قرية الأميرا المرحلة 3 / عجمان

لا تتخيل حياة الاستوديو كصندوق ضيق. هذه الشقة بمساحة 573 قدم مربع في قرية الأميرا B15 تُعيد تعريف مفهوم السكن المريح من خلال توفير ما لا يُقدّر بثمن: مساحة رحبة.

تفاصيل الدفع:

 السعر: 370,000درهم
 المدفوع: 161,000 درهم
 المتبقي: 209,000 درهم 
 القسط الشهري: 2,880 درهم 
تخيل مقدار التوفير مقارنةً بالإيجار

 تصميم ذكي وخصوصي: يحافظ تصميم المطبخ المغلق على نظافة مساحة معيشتك وخلوها من الروائح. ستحصل على فصل تام بين منطقة المعيشة ومنطقة الطبخ - ميزة فاخرة في تصميم الاستوديو.

 موقع متميز في قرية الأميرا مع موقف سيارات خاص.

هذه الشقة هي الخيار الأمثل لمن لا يرضى بالتنازل عن الجودة مقابل المال. ستحصل على استثمار مناسب ومنزل يُعزز راحتك ورفاهيتك يوميًا.

لا تكتفِ بشراء شقة صغيرة، بل استثمر في نمط حياة مميز.

 تواصل معنا اليوم لمزيد من التفاصيل أو لحجز موعد للمعاينة.",Al Ameera Village Phase 3,off_plan,503,5,1,1,573,370000,161000,Al Yasmeen,Ajman,northern_emirates,Yes,,"central-ac, security, covered-parking, private-garden",apartment,sale,residential,unfurnished,https://youtu.be/X5NQUQSFyWY,,845265
Apartment with 2 BHK | Oasis Tower 1,شقة بغرفتي نوم وصالة | برج أواسيس 1,"THE HIGH-VALUE PROPOSITION A Premium 2 BHK For Sale with Brushes And Devices
 For Sale Oasis Tower One
This 1,486 sqft 2 BHK in Oasis Tower One and deliver superior capital appreciation.

Payment details:

 Price: AED 762,719
 Paid: AED 380,000
 Balance: AED 365,923
 Monthly installment: AED 8,626

Why This is a Tier-1 Investment:

1. The ""Sale with Brushes And Devices"" status is a major value-add. It allows you to command top-tier rent immediately from tenants seeking quality and convenience. No capital outlay for finishing required.
2. The Unbeatable Creek View: In real estate, views are currency. 



Property Specifications That Define Premium:

 Address: Oasis Tower One, Ajman's prominent landmark.
 Size: 1,486 sqft (Generous for a 2 BHK).
 Key Features: Close Kitchen, Large Balcony, Creek View, Private Parking.

This asset is curated for the investor who understands that true value lies in quality, finish, and irreplaceable featuresnot just square footage. It's a strategic hold in a prime location for exceptional returns.

 Invest in a view that can't be replicated.

 Contact us today for more details or to schedule a viewing.","عرض استثماري مميز: شقة فاخرة من غرفتي نوم وصالة للبيع مع جميع المستلزمات

للبيع في برج أواسيس 1
شقة بمساحة 1486 قدم مربع في برج أواسيس ون، توفر لك قيمة استثمارية عالية.


تفاصيل الدفع:

 السعر: 762,719 درهم 
 المدفوع: 380,000 درهم 
 المتبقي: 365,923 درهم 
 القسط الشهري: 8,626 درهم 


لماذا يُعد هذا استثمارًا من الدرجة الأولى؟


1. تُعتبر الشقة ""مع جميع المستلزمات"" ميزة إضافية قيّمة، حيث تتيح لك الحصول على إيجار مرتفع فورًا من مستأجرين يبحثون عن الجودة والراحة. لا حاجة لأي مصاريف إضافية للتشطيب.


2. إطلالة خلابة على الخور: في عالم العقارات، تُعتبر الإطلالات من أهم عوامل الجذب.


مواصفات العقار التي تُجسّد الفخامة:

 العنوان: برج أواسيس ون، أحد أبرز معالم عجمان.


المساحة: ١٤٨٦ قدم مربع (مساحة واسعة لشقة من غرفتي نوم وصالة).

الميزات الرئيسية: مطبخ مجهز، شرفة واسعة، إطلالة على الخور، موقف سيارات خاص.

هذه الشقة مصممة خصيصًا للمستثمر الذي يُدرك أن القيمة الحقيقية تكمن في الجودة والتشطيبات والميزات الفريدة، وليس فقط في المساحة. إنها فرصة استثمارية استراتيجية في موقع متميز لتحقيق عوائد استثنائية.

استثمر في إطلالة لا مثيل لها.

 تواصل معنا اليوم لمزيد من التفاصيل أو لتحديد موعد للمعاينة.",Oasis Tower 1,completed,1302,13,2,2,1486.00,762719,365923,Al Yasmeen,Ajman,northern_emirates,Yes,,"balcony, central-ac, security, covered-parking, pets-allowed, shared-gym, view-of-water, childrens-pool",apartment,sale,residential,furnished,,,571753
Apartment 2BHK with City And Commnuty View | A...,شقة غرفتين وصالة بإطلالة على المدينة والمجتمع |...,"Apartment for Sale  Presenting a spacious 2 BHK in the desirable Al Ameera Village A1, Ajman.
 This apartment offers modern family living with a practical layout and a balcony overlooking both city and community views.

Payment Details:

 Price: AED 713,921
 Paid: AED 205,539
 Balance: AED 508,382
 Monthly installment: AED 7,588
 Remaining installments: 66 Months
 Next installment due: 01/01/2026

Property Highlights:

 Type: 2 Bedroom Hall Kitchen
 Area: 1,410.36 sqft
 Layout: Close Kitchen
 View: City & Community View
 Features: Balcony & Private Parking
 Registration fees: NO
 NOC: AED 4,200

This property represents an excellent opportunity for families seeking quality living in a prime Ajman location, with a convenient payment plan and no registration fees.

Contact us today for viewing arrangements or more information!","شقة للبيع - نقدم لكم شقة واسعة مكونة من غرفتي نوم وصالة في قرية الأميرة A1 المرغوبة في عجمان.

توفر هذه الشقة نمط حياة عصريًا للعائلات بتصميم عملي وشرفة مطلة على المدينة والمنطقة المحيطة.

تفاصيل الدفع:

 السعر: 713,921 درهمًا 
 المدفوع: 205,539 درهمًا 
 الرصيد المتبقي: 508,382 درهمًا
 القسط الشهري: 7,588 درهمًا 
 مدة الأقساط المتبقية: 66 شهرًا
 تاريخ استحقاق القسط التالي: 1 يناير 2026

مميزات العقار:

 النوع: شقة غرفتين نوم وصالة ومطبخ
 المساحة: 1,410.36 قدم مربع
 التصميم: مطبخ مغلق
 الإطلالة: إطلالة على المدينة والمنطقة المحيطة
 الميزات: شرفة وموقف سيارات خاص
 رسوم التسجيل: لا توجد
 شهادة عدم ممانعة: 4,200 درهم إماراتي

يمثل هذا العقار فرصة ممتازة للعائلات الباحثة عن سكن راقٍ في موقع متميز في عجمان، مع خطة سداد ميسرة وبدون رسوم تسجيل.

تواصلوا معنا اليوم لترتيب موعد للمعاينة أو لمزيد من المعلومات!",Al Ameera Village Phase 1,completed,101,1,2,3,1410.36,713921,205539,Al Yasmeen,Ajman,northern_emirates,,,"central-ac, security, covered-parking, private-garden",apartment,sale,residential,unfurnished,https://youtu.be/bQdoR0tGKRg,,755148
Studio with Open View | Ajman One Tower,استوديو بإطلالة مفتوحة | برج عجمان 1,"Your First Step to Independent Living | Modern Studio in Ajman One Tower

Why pay rent when you can own? This contemporary 613 sqft studio in Ajman One Tower (Phase 2) is designed for the savvy first-time buyer, offering a clear and accessible path to homeownership.

Straightforward Ownership Costs:

 Price: AED 380,563
 Paid: AED 104,999
 Balance: AED 275,563
 Monthly installment: AED 3,402 (Comparable to rent!)

What You Get:

 A bright space with a city view and open kitchen.
 The convenience of a private parking spot.
 No Registration Fees.

Stop building someone else's equity. Start building your own in a vibrant community. The next installment isn't due until 2026  your time is now.
 Contact us today for more details or to schedule a viewing.","خطوتك الأولى نحو الاستقلال السكني | استوديو حديث في برج عجمان 1

لماذا تستأجر ويمكنك أن تمتلك؟ تم تصميم هذا الاستوديو العاصر (613 قدم مربع) في برج عجمان 1 (المرحلة الثانية) ليكون الخيار الذكي لمالك المنزل الأول، مقدماً مساراً واضحاً وسهلاً للتملك.

تكاليف تملك واضحة:

 السعر: 380,563 درهم
 الدفعة الأولى: 104,999 درهم
 المتبقي: 275,563 درهم
 الدفعة الشهرية: 3,402 درهم (شبيهة بالإيجار!)

ما الذي تحصل عليه:

 مساحة مشرقة بإطلالة مدينة ومطبخ مفتوح.
 راحة موقف السيارة الخاص.
 لا تكاليف مخفية: لا رسوم تسجيل.

توقف عن زيادة رأس مال الآخرين. ابدأ في بناء رأس مالك الخاص في مجتمع نابض بالحياة. موعد الدفعة التالية ليس قبل 2026  وقتك الآن هو الأنسب.
 تواصل معنا اليوم لمزيد من التفاصيل أو لحجز موعد للمعاينة.""",Ajman One Tower Phase 2,off_plan,1611,16,1,1,613,380563,104999,Al Rashidiya 3,Ajman,northern_emirates,Yes,,"central-ac, security, covered-parking, shared-gym, view-of-water",apartment,sale,residential,unfurnished,,,593212
Studio with City And Commnuty View | Al Ameera...,استوديو بإطلالة على المدينة والمجتمع | قرية الأ...,"Studio for Sale  An attractive studio opportunity in Al Ameera Village D3  Phase 5 ,Ajman.
This unit features an open kitchen layout and combined city and community views, perfect for comfortable and modern living.

Payment Details:

 Price: AED 398,906
 Paid: AED 53,514
 Balance: AED 345,392
 Monthly installment: AED 4,112

Property Highlights:

 Area: 637.65 sqft
 Layout: Open Kitchen
 View: City & Community View
 Parking: Private parking included
 Registration fees: No
 NOC: AED 4,200

This studio offers excellent value with a low initial payment and no registration fees, ideal for first-time buyers or investors seeking an accessible entry into Ajman's real estate market.

Contact us now for more details or to schedule a viewing!","استوديو للبيع - فرصة مميزة في قرية الأميراD3، المرحلة الخامسة ، عجمان.

تتميز هذه الوحدة بتصميم مطبخ مفتوح وإطلالات رائعة على المدينة والمنطقة المحيطة، مما يجعلها مثالية لحياة عصرية مريحة.

تفاصيل الدفع:

 السعر: 398,906 درهم إماراتي
 المدفوع: 53,514 درهم إماراتي
 المتبقي: 345,392 درهم إماراتي
 القسط الشهري: 4,112 درهم إماراتي

مميزات العقار:

 المساحة: 637.65 قدم مربع
 التصميم: مطبخ مفتوح
 الإطلالة: إطلالة على المدينة والمنطقة المحيطة
 موقف سيارات: موقف خاص مشمول
 رسوم التسجيل: لا توجد
 شهادة عدم ممانعة: 4,200 درهم إماراتي

يوفر هذا الاستوديو قيمة ممتازة مع دفعة أولى منخفضة وبدون رسوم تسجيل، وهو مثالي للمشترين لأول مرة أو المستثمرين الراغبين في دخول سوق العقارات في عجمان بسهولة.

تواصلوا معنا الآن لمزيد من التفاصيل أو لتحديد موعد للمعاينة!",Al Ameera Village Phase 5,off_plan,201,2,1,1,637.65,398906,53514,Al Yasmeen,Ajman,northern_emirates,,,"central-ac, security, covered-parking, shared-gym, view-of-water",apartment,sale,residential,unfurnished,https://youtu.be/X5NQUQSFyWY,,941314
Corner Apartment 1 BHK - Partial Creek View | ...,شقة زاوية بغرفة نوم واحدة - إطلالة جزئية على ال...,"Discover an excellent investment and end-user opportunity in Ajman Pearl Tower C1,  Ajman.

This 1-bedroom apartment offers a well-planned layout with 1,080 sq. ft. of total area, featuring a practical close kitchen and a private parking space. The unit is unfurnished, allowing you to design the space to your personal taste.

Property Details:

 1 BHK 
 Close Kitchen
 Total Area: 1,080 sq. ft.
 Private Parking

Amenities & Features:

 Central air conditioning (typically in building)
 24/7 security
 Well-maintained common areas
 Strategic location in a prominent residential tower

Financial Highlights:

 Total Price: AED 590,840
 Paid: AED 207,352
 Balance: AED 383,488
 Monthly Installment: AED 6,848
 Remaining Installments: 56 Months
 Next Installment Due: 15th October 2026
 Note: No registration fees required.

Strategically located with easy access to main roads, retail, schools, and daily conveniences, this property is ideal for both investors seeking strong returns and end-users looking for comfortable urban living.

 Contact us today for more details or to schedule a viewing.","اكتشف فرصة استثمارية وسكنية ممتازة في برج لؤلؤة عجمان C1، عجمان.

تتميز هذه الشقة المكونة من غرفة نوم واحدة بتصميم مدروس جيدًا بمساحة إجمالية تبلغ 1080 قدمًا مربعًا، وتضم مطبخًا عمليًا متصلًا وموقف سيارة خاص. الشقة غير مفروشة، مما يتيح لك تصميمها وفقًا لذوقك الشخصي.

تفاصيل العقار:

 شقة بغرفة نوم واحدة
 مطبخ مغلق
 المساحة الإجمالية: ١٠٨٠ قدم مربع
 موقف سيارات خاص

المرافق والخدمات:

 تكييف مركزي (متوفر عادةً في المبنى)
 أمن على مدار الساعة
 مناطق مشتركة مُصانة جيدًا
 موقع استراتيجي في برج سكني مرموق

البيانات المالية:

 السعر الإجمالي: ٥٩٠,٨٤٠ درهمًا إماراتيًا
 المدفوع: ٢٠٧,٣٥٢ درهمًا إماراتيًا
 المبلغ المتبقي: ٣٨٣,٤٨٨ درهمًا إماراتيًا
 القسط الشهري: ٦,٨٤٨ درهمًا إماراتيًا
 الأقساط المتبقية: ٥٦ شهرًا
 موعد استحقاق القسط التالي: ١٥ أكتوبر ٢٠٢٦
 ملاحظة: لا توجد رسوم تسجيل مطلوبة.

يتميز هذا العقار بموقع استراتيجي يسهل الوصول منه إلى الطرق الرئيسية والمتاجر والمدارس والخدمات اليومية، مما يجعله مثاليًا للمستثمرين الباحثين عن عوائد مجزية وللمستخدمين النهائيين الراغبين في عيش حياة عصرية مريحة.


 اتصل بنا اليوم لمزيد من التفاصيل أو لتحديد موعد للمعاينة.",Ajman Pearl Tower,off_plan,506,5,1,2,1080.00,590840,207352,Al Rashidiya 1,Ajman,northern_emirates,Yes,,"balcony, central-ac, security, pets-allowed, childrens-play-area, covered-parking",apartment,sale,residential,unfurnished,,,140019
Apartment 1BHK FOR SALE | Naumiya Two Tower | A...,شقة بغرفة نوم واحدة مع صالة للبيع | برج النعيمي...,"Apartment 1BHK | Naumiya Two Tower | Ajman

Discover a perfect blend of value and comfort in this well-appointed 1 BHK apartment at Naumiya Two Tower, Ajman. This property offers an ideal entry point for end-users seeking a spacious home or investors looking for a promising asset with a favorable payment plan.

Property Highlights:

 1 Bedroom with Hall & Kitchen
 Spacious 940 sqft Layout
 Functional Close Kitchen Design
 Private Balcony
 Dedicated Parking Space

Financial Advantages:

 Price: AED 561,103
 Paid: AED 196,000
 Balance: AED 365,103
 Monthly Installment: AED 6,519
 Remaining Tenure: 56 Months
 Next Payment Due: August 28, 2026
 Registration Fees: None

This apartment represents a smart investment choice, combining manageable monthly commitments with the significant equity provided by the initial payment. Its ready-to-move-in condition adds immediate value.

Contact us now to schedule a private viewing and discuss this excellent opportunity.","شقة بغرفة نوم واحدة | برج النعيمية 2| عجمان

اكتشف مزيجًا مثاليًا من القيمة والراحة في هذه الشقة المجهزة تجهيزًا جيدًا بغرفة نوم واحدة في برجي ناوميا الثانيان، عجمان. تُعدّ هذه الشقة خيارًا مثاليًا للمستخدمين النهائيين الباحثين عن منزل واسع، أو للمستثمرين الراغبين في استثمار واعد بخطة سداد ميسرة.
... مميزات العقار:

 غرفة نوم واحدة مع صالة ومطبخ
 مساحة واسعة 940 قدم مربع
 تصميم مطبخ عملي ومُغلق
 شرفة خاصة
 موقف سيارة خاص

المزايا المالية:

 السعر: 561,103 درهم 
 المدفوع: 196,000 درهم
 المبلغ المتبقي: 365,103 درهم 
 القسط الشهري: 6,519 درهم 
 المدة المتبقية: 56 شهرًا
 تاريخ استحقاق الدفعة التالية: 28 أغسطس 2026
 رسوم التسجيل: لا توجد

تُمثل هذه الشقة خيارًا استثماريًا ذكيًا، حيث تجمع بين التزامات شهرية معقولة وقيمة ملكية كبيرة مُقدمة من الدفعة الأولى. كما أن جاهزيتها للسكن تُضيف قيمة فورية.

تواصلوا معنا الآن لحجز موعد معاينة خاصة ومناقشة هذه الفرصة المميزة.",Nuaimia Two Tower,off_plan,1712,17,1,2,940,561103,96000,Al Nuaimia 1,Ajman,northern_emirates,Yes,,"balcony, central-ac, security, covered-parking, shared-gym, view-of-water",apartment,sale,residential,unfurnished,,,140018
Studio For Sale | Conqueror Tower | Ready,استوديو للبيع | برج كونكر| جاهز للسكن,"Studio For Sale | Conqueror Tower | Ready 

Presenting a straightforward and attractive cash investment: a modern studio in Conqueror Tower, Ajman. This unit is ideal for investors seeking a clear, uncomplicated purchase with immediate ownership and potential for strong rental yields.

Property Highlights:

 Efficient Studio Layout (592.18 sqft)
 Contemporary Open Kitchen
 Parking Included

Financial Overview:

 Price: AED 315,000
 Payment Terms: Full Cash Payment
 Registration Fees: 2%

Acquire this studio with the simplicity of a single transaction. Avoid long-term payment plans and start benefiting from your investment immediately in a sought-after Ajman tower.

For a quick and seamless purchase process, contact us today.","استوديو للبيع | برج كونكر| جاهز للسكن

نقدم لكم فرصة استثمارية نقدية جذابة ومباشرة: استوديو عصري في برج الفاتح، عجمان. هذه الوحدة مثالية للمستثمرين الباحثين عن شراء واضح وسهل مع إمكانية التملك الفوري وعائد إيجاري مجزٍ.

مميزات العقار:

 تصميم استوديو عملي (592.18 قدم مربع)
 مطبخ عصري مفتوح
 موقف سيارة متوفر

البيانات المالية:

 السعر: 315,000 درهم إماراتي
 شروط الدفع: دفع نقدي كامل
 رسوم التسجيل: 2%

امتلك هذا الاستوديو بكل سهولة من خلال معاملة واحدة. تجنب خطط الدفع طويلة الأجل وابدأ بجني ثمار استثمارك فورًا في برج مميز في عجمان.

لعملية شراء سريعة وسلسة، تواصل معنا اليوم.",Conqueror Tower,completed,303,3,1,1,592.18,315000,0,Ajman industrial 1,Ajman,northern_emirates,,,"central-ac, security, covered-parking, shared-gym",apartment,sale,residential,unfurnished,,,140017
Studio For Sale  | Al Nuaimiya Tower 2 | City View,استوديو للبيع | برج النعيمية ٢ | إطلالة على الم...,"Studio For Sale  | Al Nuaimiya Tower 2 | City View

Unlock the door to affordable urban living with this charming studio in Al Nuaimiya Tower 2. Designed for the first-time buyer or the pragmatic investor, it offers a compelling financial plan and the essential features for a comfortable lifestyle.

Property Highlights:

 Compact & Efficient Studio (399.71 sqft)
 Open Kitchen Concept
 Scenic City View
 Private Parking

Financial Highlights:

 Price: AED 275,604
 Paid: AED 99,000
 Balance: AED 176,604
 Monthly Installment: AED 3,153
 Remaining Installments: 56 Months
 Next Installment Due: August 28, 2026
 Registration Fees: None

With a low entry cost and minimal monthly outlay, this studio is an exceptionally accessible opportunity to own a property in a prime Ajman location.

Reach out to learn more or to arrange a viewing of this value-packed studio.","استوديو للبيع | برج النعيمية ٢ | إطلالة على المدينة

افتح أبواب السكن الحضري المريح بأسعار معقولة مع هذا الاستوديو الأنيق في برج النعيمية ٢. صُمم هذا الاستوديو خصيصًا للمشتري لأول مرة أو المستثمر العملي، حيث يوفر خطة تمويلية جذابة وميزات أساسية لحياة مريحة.

مميزات العقار:

 استوديو صغير وعملي (٣٩٩.٧١ قدم مربع)
 مطبخ مفتوح
 إطلالة خلابة على المدينة
 موقف سيارات خاص

الميزات المالية:

 السعر: ٢٧٥,٦٠٤ درهم 
 المدفوع: ٩٩,٠٠٠ درهم 
 المبلغ المتبقي: ١٧٦,٦٠٤ درهم 
 القسط الشهري: ٣,١٥٣ درهم 
 الأقساط المتبقية: ٥٦ شهرًا
 تاريخ استحقاق القسط التالي: ٢٨ أغسطس ٢٠٢٦
 رسوم التسجيل: لا توجد

بتكلفة دخول منخفضة وقسط شهري بسيط، يُعد هذا الاستوديو فرصة استثنائية لامتلاك عقار في موقع متميز في عجمان.

تواصل معنا لمعرفة المزيد أو لترتيب زيارة لهذا الاستوديو المميز.",Nuaimia Two Tower,off_plan,513,5,1,1,399.71,275604,99000,Al Nuaimia 1,Ajman,northern_emirates,Yes,,"central-ac, security, covered-parking, shared-gym, view-of-water",apartment,sale,residential,unfurnished,,,140016
1BHK Apartment with Creek View | Oasis Tower 2,شقة بغرفة نوم واحدة مع صالة  للبيع | برج أواسيس...,"Apartment 1 BHK For Sale | Oasis Tower 2

Embrace serene, creek-side living in this premium 1 BHK apartment at Oasis Tower 2. This property is a standout opportunity for those seeking a higher-end lifestyle or a strategic investment in one of Ajman's most desirable views.
Payment Property  :

 Price: AED 570,000
 Payment Terms: Cash
 Registration Fees: 2%

Property Highlights:

 1 BHK 
 Expansive 1,133.72 sqft of Living Space
 Premium Close Kitchen Design
 Private Balcony with Stunning Creek View
 Included Private Parking

Commanding a picturesque creek view, this spacious apartment offers a living experience defined by tranquility and prestige. The cash price presents a clean and decisive transaction for a premium asset.



Discover the exceptional value of this creek-view apartment. Contact us for exclusive viewing arrangements.","شقة بغرفة نوم واحدة للبيع | برج Oasis 2

استمتع بإقامة هادئة على ضفاف الخور في هذه الشقة الفاخرة المكونة من غرفة نوم واحدة في برج الواحة 2. تُعد هذه الشقة فرصة استثنائية لمن يبحث عن نمط حياة راقٍ أو استثمار استراتيجي في أحد أجمل المواقع في عجمان.

طريقة الدفع:

 السعر: 570,000 درهم إماراتي
 طريقة الدفع: نقداً
 رسوم التسجيل: 2%

مميزات الشقة:

 غرفة نوم واحدة
 مساحة معيشة واسعة تبلغ 1,133.72 قدم مربع
 مطبخ بتصميم عصري أنيق
 شرفة خاصة بإطلالة خلابة على الخور
 موقف سيارات خاص

تتمتع هذه الشقة الفسيحة بإطلالة ساحرة على الخور، وتوفر تجربة معيشية تجمع بين الهدوء والفخامة. سعرها النقدي يضمن لك صفقة سلسة وسريعة لامتلاك عقار مميز.

اكتشف القيمة الاستثنائية لهذه الشقة المطلة على الخور. تواصل معنا لحجز موعد للمعاينة.",Oasis Tower 2,completed,2109,21,1,2,1133.72,570000,0,Al Rashidiya 1,Ajman,northern_emirates,Yes,,"balcony, central-ac, security, covered-parking, pets-allowed, shared-gym, view-of-water, childrens-pool",apartment,sale,residential,unfurnished,,,140015
1BHK Apartment For Sale  | AL Ghoroub Tower,شقة بغرفة نوم مع صالة للبيع | برج الغروب,"1BHK Apartment For Sale  | AL Ghoroub Tower

Invest Smart & Pay with Ease

Why tie up your cash flow with administrative costs? Secure this premium 1BHK apartment in Al Ghoroub Tower, Ajman, and benefit from ZERO Registration Fees. Best of all, enjoy a massive financial breatheryour next installment isnt due until January 2026

 * Why This Unit? Spacious 979 sq. ft. layout featuring a Closed Kitchen for maximum privacy and a vibrant city view.
 * Financial Breakdown:
   * Total Price: AED 545,335
   * Down Payment: AED 133,004
   * Remaining payment : AED 412,331
   * Monthly Installment: AED 5,648
   * Next Payment Due: 15/01/2026
 *  Private Parking Included | No Registration Fees (NOC 4200) | High Rental Yield.
 . Contact us today to book your viewing!","شقة بغرفة نوم واحدة للبيع | برج الغروب

استثمر بذكاء وادفع بسهولة

لماذا تُرهق ميزانيتك بتكاليف إدارية؟ احصل على هذه الشقة الفاخرة بغرفة نوم واحدة في برج الغرب، عجمان، واستفد من إعفاء كامل من رسوم التسجيل. والأفضل من ذلك، تمتع براحة مالية كبيرة - لن يحين موعد سداد القسط التالي حتى يناير 2026.

* لماذا هذه الشقة؟ تصميم واسع بمساحة 979 قدم مربع، يتميز بمطبخ مغلق لأقصى قدر من الخصوصية وإطلالة رائعة على المدينة.

* تفاصيل التمويل:

* السعر الإجمالي: 545,335 درهم 
* الدفعة الأولى: 133,004 درهم 
* المبلغ المتبقي: 412,331 درهم 
* القسط الشهري: 5,648 درهم 
* تاريخ استحقاق القسط التالي: 15/01/2026

* موقف سيارات خاص متوفر | إعفاء من رسوم التسجيل (شهادة عدم ممانعة رقم 4200) | عائد إيجاري مرتفع.


استثمر بذكاء وادفع بسهولة


...  اتصل بنا اليوم لحجز موعد للمعاينة!",AL Ghoroub Tower,completed,505,5,1,2,979.35,545335,133004,Al Alia,Ajman,northern_emirates,Yes,,"balcony, central-ac, security, covered-parking, pets-allowed",apartment,sale,residential,unfurnished,,,140008
2 BHK Apartment For Sale | Al Ghoroub Tower,شقة غرفتين وصالة للبيع | برج الغروب,"Luxury Family Living with Zero Entry Costs  Apartment 2BHK

Looking for the perfect family home? This 1,689 sq. ft. residence in Al Ghoroub Tower offers the space of a villa with the convenience of city living. Save your money for what mattersthere are No Registration Fees on this deal!

 * Space & Privacy: A rare Closed Kitchen design and expansive rooms, perfect for large families.
 * Payment Property :
   * Total Price: AED 844,207
   * Down Payment: AED 176,874
   * Monthly Installment: AED 9,141
   * installments until January 15, 2026.
 * Key Perks: Dedicated Parking | Strategic Location | 0% Registration Fees.
 Your dream home is ready. Call us now for full details and payment plans.","عيشوا حياة عائلية فاخرة بدون رسوم تسجيل - شقة غرفتين وصالة

هل تبحثون عن منزل عائلي مثالي؟ هذه الشقة بمساحة 1689 قدم مربع في برج الغرب توفر لكم مساحة فيلا مع سهولة العيش في المدينة. وفروا أموالكم لما هو أهم - لا توجد رسوم تسجيل على هذه الشقة!

* مساحة وخصوصية: تصميم مطبخ مغلق فريد من نوعه وغرف واسعة، مثالية للعائلات الكبيرة.

* طريقة الدفع:

* السعر الإجمالي: 844,207 درهم إماراتي

* الدفعة الأولى: 176,874 درهم إماراتي

* القسط الشهري: 9,141 درهم إماراتي

* الأقساط حتى 15 يناير 2026.

* المزايا الرئيسية: موقف سيارات خاص | موقع استراتيجي | بدون رسوم تسجيل.

 منزل أحلامكم جاهز. اتصلوا بنا الآن لمعرفة المزيد من التفاصيل وخطط الدفع.",AL Ghoroub Tower,completed,109,1,2,3,1689.06,844207,176874,Al Alia,Ajman,northern_emirates,Yes,,"balcony, central-ac, security, covered-parking, pets-allowed",apartment,sale,residential,unfurnished,,,140003
The Ultimate ROI Starter | Large Studio with a ...,فرصة استثمارية مثالية | استوديو واسع مع مطبخ مغلق,"Studio For Sale  | Al Ghoroub Tower

Attention Investors! This isn't just a studio; its a high-yield asset in Al Ghoroub Tower. With a unique layout featuring a Closed Kitchen (extremely rare for studios) and a generous 560 sq. ft. size

 * Investors Advantage: ZERO Registration Fees means immediate equity growth. Plus, keep your liquidity with the next installment delayed until 2026.
 * Financial Breakdown:
   * Total Price: AED 390,153
   * Down Payment: AED 118,324
   * Monthly Installment: AED 9,210
   * Next Payment Due: 15/01/2026
 * Key Perks: City View | Private Parking | Ideal for Short-term or Long-term Rentals.
 Put your money to work where the returns are guaranteed. Contact us today!","استوديو للبيع | برج الغروب
انتباه أيها المستثمرون! ليس هذا مجرد استوديو، بل فرصة استثمارية مميزة في برج الغرب. يتميز بتصميم فريد يضم مطبخًا مغلقًا (وهو أمر نادر في الاستوديوهات) ومساحة واسعة تبلغ 560 قدمًا مربعًا.

* ميزة المستثمر: رسوم تسجيل صفرية، مما يعني نموًا فوريًا في رأس المال. بالإضافة إلى ذلك، احتفظ بسيولة أموالك مع تأجيل القسط التالي حتى عام 2026.

* التفاصيل المالية:

* السعر الإجمالي: 390,153 درهمًا إماراتيًا

* الدفعة الأولى: 118,324 درهمًا إماراتيًا

* القسط الشهري: 9,210 درهمًا إماراتيًا

* تاريخ استحقاق القسط التالي: 15/01/2026

* المزايا الرئيسية: إطلالة على المدينة | موقف سيارات خاص | مثالي للإيجار قصير الأجل أو طويل الأجل.

 استثمر أموالك حيث العوائد مضمونة. تواصل معنا اليوم!",AL Ghoroub Tower,completed,106,1,1,1,560.79,390153,118324,Al Alia,Ajman,northern_emirates,,,"central-ac, security, covered-parking, pets-allowed",apartment,sale,residential,unfurnished,,,140002
Ajman Downtown Phase 1 | 2BHK For Sale,عجمان داون تاون المرحلة الأولى | شقة غرفتين وصا...,"Luxury Living in Ajman Downtown Phase 1 | 
Step into the future of urban living in the prestigious Al Alia area. This expansive 2-bedroom residence in Ajman Downtown Phase 1 offers a perfect harmony of space, privacy, and modern amenities, designed for those who seek a premium lifestyle.
Why Choose This Property?
 * Huge Space: 1,665.69 sq. ft. of luxury.
 * Family Privacy: Featuring a Closed Kitchen and a private balcony.
 * Premium Views: Enjoy a refreshing Community View.
 * Ready for Your Touch: Unfurnished, allowing you to personalize your dream home.
Financial Highlights:
 * Total Price: AED 949,986
 * Down Payment: AED 189,997
 * Easy Installments: Only AED 9,500 monthly.
 * The ""Investor's Dream"" Offer: Get a 20% DISCOUNT for full cash payments!
 * Handover: Q2 2028 (Secure today's price for tomorrow's value).
Amenities & Features:
Central A/C | 24/7 Security | Covered Parking | Private Garden | Childrens Play Area.
 Invest in Ajmans most promising district today. Contact us for more details!","عيشوا حياة فاخرة في عجمان داون تاون - المرحلة الأولى |

انطلقوا نحو مستقبل الحياة العصرية في منطقة العالية المرموقة. يوفر هذا السكن الفسيح المكون من غرفتي نوم في عجمان داون تاون - المرحلة الأولى، مزيجًا مثاليًا من المساحة والخصوصية ووسائل الراحة الحديثة، مصمم خصيصًا لمن يبحثون عن نمط حياة راقٍ.

لماذا تختارون هذا العقار؟

* مساحة واسعة: 1665.69 قدم مربع من الفخامة.

* خصوصية عائلية: يتميز بمطبخ مغلق وشرفة خاصة.

* إطلالات مميزة: استمتعوا بإطلالة خلابة على المنطقة المحيطة.

* جاهز لتصميمكم الخاص: غير مفروش، مما يتيح لكم تخصيص منزل أحلامكم.

المزايا المالية:

* السعر الإجمالي: 949,986 درهمًا إماراتيًا

* الدفعة الأولى: 189,997 درهمًا إماراتيًا

* أقساط ميسرة: 9,500 درهم إماراتي شهريًا فقط.

* عرض ""حلم المستثمر"": احصلوا على خصم 20% عند الدفع النقدي الكامل! * التسليم: الربع الثاني من عام ٢٠٢٨ (احجز الآن بسعر اليوم لقيمة الغد).

المرافق والخدمات:
تكييف مركزي | أمن على مدار الساعة | موقف سيارات مغطى | حديقة خاصة | منطقة ألعاب للأطفال.

 استثمر في أكثر أحياء عجمان الواعدة اليوم. تواصل معنا للمزيد من التفاصيل!",Ajman Downtown Phase 1,off_plan,414,4,2,3,1665.69,949986,189997,Al Alia,Ajman,northern_emirates,Yes,,"balcony, central-ac, security, covered-parking, private-garden, childrens-play-area",apartment,sale,residential,unfurnished,,,752002
The Largest Studio in Ajman Downtown | Premium ...,أكبر استوديو في وسط مدينة عجمان | استثمار مميز ...,"Unlock a high-yield investment opportunity with this exceptionally spacious studio in Ajman Downtown Phase 1. Located in the high-demand Al Alia district, this unit redefines studio living with a size and layout that rival many 1-bedroom apartments.
Why This Studio Stands Out:
 * Massive Size: 708.91 sq. ft.  far larger than standard market studios.
 
 * Peaceful View: Overlooking the serene Community View.
 * Lifestyle Ready: Access to a private garden, kids' play area, and 24/7 security.
Financial Highlights:
 * Total Price: AED 559,169
 * Down Payment: AED 111,834
 * Easy Monthly Installments: Only AED 5,592
 * Handover: Q2 2028 (Perfect timing for capital appreciation).
Amenities: Central A/C | Covered Parking | Private Garden | High-Speed Elevators.
 Secure this rare layout today! Contact us for more details.","اغتنموا فرصة استثمارية مميزة مع هذا الاستوديو الفسيح للغاية في المرحلة الأولى من مشروع عجمان داون تاون. يقع هذا الاستوديو في منطقة العالية المرغوبة، ويُعيد تعريف مفهوم السكن في الاستوديوهات بمساحته وتصميمه الذي يُضاهي العديد من الشقق المكونة من غرفة نوم واحدة.

ما يُميز هذا الاستوديو:

* مساحة واسعة: 708.91 قدم مربع - أكبر بكثير من الاستوديوهات القياسية في السوق.

* إطلالة هادئة: يطل على منظر خلاب للمجمع السكني.

* جاهز لنمط حياة عصري: حديقة خاصة، منطقة ألعاب للأطفال، وأمن على مدار الساعة.

المزايا المالية:

* السعر الإجمالي: 559,169 درهمًا إماراتيًا

* الدفعة الأولى: 111,834 درهمًا إماراتيًا

* أقساط شهرية ميسرة: 5,592 درهمًا إماراتيًا فقط

* التسليم: الربع الثاني من عام 2028 (توقيت مثالي لزيادة رأس المال).

المرافق: تكييف مركزي | موقف سيارات مغطى | حديقة خاصة | مصاعد عالية السرعة.


 احصل على هذا التصميم النادر اليوم! تواصل معنا لمزيد من التفاصيل.",Ajman Downtown Phase 1,off_plan,1106,11,1,1,708.91,559169,111834,Al Alia,Ajman,northern_emirates,Yes,,"balcony, central-ac, security, covered-parking, private-garden, childrens-play-area",apartment,sale,residential,unfurnished,,,525120
Luxury 1BR Apartment in Ajman Downtown | Spacio...,شقة فاخرة بغرفة نوم مع صالة في وسط مدينة عجمان ...,"2 BHK For Sale |  Ajman Downtown Phase 1 
Elevate your lifestyle with this massive 1-bedroom apartment located in the prestigious Ajman Downtown Phase 1. Nestled in the sought-after Al Alia area, this property offers an unparalleled combination of generous space and premium community living.
Property Highlights:
 * Impressive Size: 1,090.23 sq. ft. (One of the largest 1BR layouts available).
 * Privacy First: Featuring a Closed Kitchen and a private balcony.
 * Serene Outlook: Enjoy a relaxing Community View.
 * Premium Amenities: Access to a private garden, children's play area, and 24/7 security.
Financial Details:
 * Total Price: AED 730,488
 * Down Payment: AED 146,098
 * Easy Monthly Installments: Only AED 7,305
 * Handover: Q2 2028 (Capitalize on the future growth of Al Alia).
Features: Central A/C | Covered Parking | Private Garden | High-End Security.
 This is more than an apartment; its a smart future investment. Contact us today!","شقة غرفتين وصالة للبيع | عجمان داون تاون المرحلة الأولى
ارتقِ بمستوى معيشتك مع هذه الشقة الفسيحة المكونة من غرفة نوم واحدة، والواقعة في المرحلة الأولى من مشروع عجمان داون تاون الراقي. تقع هذه الشقة في منطقة العالية المرغوبة، وتوفر مزيجًا فريدًا من المساحة الرحبة والحياة المجتمعية المتميزة.

مميزات الشقة:

* مساحة واسعة: 1090.23 قدم مربع (من أكبر الشقق المكونة من غرفة نوم واحدة المتوفرة).

* خصوصية تامة: تتميز الشقة بمطبخ مغلق وشرفة خاصة.

* إطلالة هادئة: استمتع بإطلالة خلابة على المنطقة المحيطة.

* مرافق مميزة: حديقة خاصة، منطقة ألعاب للأطفال، وأمن على مدار الساعة.

التفاصيل المالية:

* السعر الإجمالي: 730,488 درهم إماراتي

* الدفعة الأولى: 146,098 درهم إماراتي

* أقساط شهرية ميسرة: 7,305 درهم إماراتي فقط

* التسليم: الربع الثاني من عام 2028 (استفد من النمو المستقبلي لمنطقة العالية).

المميزات: تكييف مركزي | موقف سيارات مغطى | حديقة خاصة | نظام أمني متطور.

 هذه أكثر من مجرد شقة؛ إنها استثمار ذكي للمستقبل. تواصل معنا اليوم!",Ajman Downtown Phase 1,off_plan,1108,11,1,2,1090.23,730488,146098,Al Alia,Ajman,northern_emirates,Yes,,"balcony, central-ac, security, covered-parking, private-garden, childrens-play-area",apartment,sale,residential,unfurnished,,,632323
3 BHK Apartment For Sale | in Nuaimia Two Tower,شقة 3 غرف نوم وصالة للبيع | في برج النعيمية Two,"Introducing a Premium Spacious Residence:  , Al Nuaimia 1, Ajman

Step into the comfort of a truly expansive family home with this impressive 3-bedroom apartment in Nuaimia Two Tower. Boasting a generous 2,222.36 sq. ft. of living space, this residence is designed for those who value room to grow and modern functionality. Enjoy a scenic City View from your private balcony and benefit from a practical close kitchen layout and dedicated parking.

Property Overview:

 Layout: 3 Bedrooms, Hall, and Kitchen
 Total Area: 2,222.36 sq. ft.
 Kitchen Type: Close Kitchen
 Key Features: Private Balcony | City View | Private Parking

Amenities & Features:
This well-equipped tower provides essential modern comforts for its residents,including:

 Central Air Conditioning
 Covered Parking
 Private Gym

Financial Snapshot & Timeline:

 Total Price: AED 1,086,621
 Down Payment (Paid): AED 54,331
 Remaining Balance: AED 1,032,290
 Monthly Installment: AED 12,289
 Expected Handover: Q4 2026
 Important Notes: No Registration Fees | NOC Fee: AED 4,200 | Sold Unfurnished

Offering an earlier handover date and significant living space, this apartment represents an excellent opportunity for larger families seeking a ready-to-customize home or for investors targeting the substantial family rental market in a prime Ajman location.

For detailed floor plans and to discuss this valuable opportunity, contact us today.","نقدم لكم شقة فاخرة وواسعة في النعيمية 1، عجمان

انعموا براحة منزل عائلي فسيح مع هذه الشقة الرائعة المكونة من 3 غرف نوم في برج النعيمية 2. تتميز هذه الشقة بمساحة معيشة رحبة تبلغ 2222.36 قدم مربع، وهي مصممة خصيصًا لمن يقدرون المساحة الكافية والوظائف العصرية. استمتعوا بإطلالة خلابة على المدينة من شرفتكم الخاصة، واستفيدوا من مطبخ عملي مغلق وموقف سيارة خاص.


نظرة عامة على العقار:

 التصميم: 3 غرف نوم، صالة، مطبخ
 المساحة الإجمالية: 2222.36 قدم مربع
 نوع المطبخ: مطبخ مغلق
 الميزات الرئيسية: شرفة خاصة | إطلالة على المدينة موقف سيارات خاص

المرافق والميزات:
يوفر هذا البرج المجهز تجهيزًا كاملاً وسائل الراحة العصرية الأساسية لسكانه، بما في ذلك:

 تكييف مركزي
 موقف سيارات مغطى
 صالة رياضية خاصة

البيانات المالية والجدول الزمني:

 السعر الإجمالي: 1,086,621 درهمًا إماراتيًا
 الدفعة المقدمة (المدفوعة): 54,331 درهمًا إماراتيًا
 الرصيد المتبقي: 1,032,290 درهمًا إماراتيًا
 القسط الشهري: 12,289 درهمًا إماراتيًا
 تاريخ التسليم المتوقع: الربع الأخير من عام 2026
 ملاحظات هامة: لا توجد رسوم تسجيل | رسوم شهادة عدم الممانعة: 4,200 درهمًا إماراتيًا | يُباع غير مفروش

بفضل تاريخ التسليم المبكر ومساحة المعيشة الواسعة، تُعد هذه الشقة فرصة ممتازة للعائلات الكبيرة التي تبحث عن منزل جاهز للتخصيص، أو للمستثمرين الذين يستهدفون سوق تأجير الشقق العائلية في موقع متميز في عجمان.

للحصول على مخططات تفصيلية للشقق ومناقشة هذه الفرصة القيّمة، تواصلوا معنا اليوم.",Nuaimia Two Tower,off_plan,107,1,3,3,2222.36,1086621,54331,Al Nuaimia 1,Ajman,northern_emirates,Yes,,"balcony, central-ac, covered-parking, private-gym",apartment,sale,residential,unfurnished,,,884541
1 BHK Apartment with City And Commnuty View | A...,شقة بغرفة نوم واحدة بإطلالة على المدينة والمنطق...,"Introducing a Prime Entry into Luxury Living: A Spacious 1 BHK Apartment in Al Ameera Village, Phase 5 - Al Yasmeen, Ajman

Secure your place in the sought-after Al Ameera Village community with this beautifully designed 1-bedroom apartment. Offering a comfortable 1,067.81 sq. ft. of living space, this unit combines practicality with potential, featuring a close kitchen, a private balcony with City and Community views, and the assurance of covered parking.

Property Overview:

 Layout: 1 Bedroom, Hall, and Kitchen
 Total Area: 1,067.81 sq. ft.
 Kitchen Type: Close Kitchen
 Key Features: Private Balcony | Covered Parking

Community Amenities & Features:
Residents enjoy access to a full suite of amenities designed for a comfortable and secure lifestyle,including:

 Central Air Conditioning
 24/7 Security
 Covered Parking
 Private Garden
 Childrens Play Area

Financial Snapshot & Timeline:

 Total Price: AED 588,261
 Down Payment (Paid): AED 29,413
 Remaining Balance: AED 558,848
 Monthly Installment: AED 5,883
 Expected Handover: Q1 2028
 Registration Fees No  
| NOC Fee: AED 4,200 
| Sold Unfurnished

This apartment presents a highly accessible opportunity with a low initial investment, perfect for first-time buyers taking the step into homeownership or investors adding a promising asset with strong rental potential to their portfolio.

Contact us today to learn more or to express your interest in this desirable property.","نقدم لكم فرصة مميزة لدخول عالم الرفاهية: شقة واسعة بغرفة نوم واحدة في قرية الأميرا، المرحلة الخامسة - الياسمين، عجمان

احجز مكانك في مجمع قرية الأميرا السكني الراقي مع هذه الشقة المصممة بأناقة والمكونة من غرفة نوم واحدة. توفر هذه الوحدة مساحة معيشة مريحة تبلغ 1067.81 قدم مربع، وتجمع بين العملية والفخامة، حيث تضم مطبخًا مغلقًا، وشرفة خاصة بإطلالات خلابة على المدينة والمجمع، بالإضافة إلى موقف سيارات مغطى.

نظرة عامة على العقار:

 التصميم: غرفة نوم واحدة، صالة، مطبخ
 المساحة الإجمالية: 1067.81 قدم مربع
 نوع المطبخ: مطبخ مغلق
 الميزات الرئيسية: شرفة خاصة موقف سيارات مغطى

مرافق وخدمات المجمع السكني:
يتمتع السكان بمجموعة متكاملة من المرافق المصممة لنمط حياة مريح وآمن، وتشمل:

 تكييف مركزي
 أمن على مدار الساعة
 موقف سيارات مغطى
 حديقة خاصة
 منطقة ألعاب للأطفال

البيانات المالية والجدول الزمني:

 السعر الإجمالي: 588,261 درهمًا إماراتيًا
 الدفعة المقدمة (المدفوعة): 29,413 درهمًا إماراتيًا
 الرصيد المتبقي: 558,848 درهمًا إماراتيًا
 القسط الشهري: 5,883 درهمًا إماراتيًا
 تاريخ التسليم المتوقع: الربع الأول من عام 2028
 رسوم التسجيل: لا يوجد

| رسوم شهادة عدم الممانعة: 4,200 درهمًا إماراتيًا

تباع الشقة غير مفروشة

تُقدم هذه الشقة فرصة استثمارية مميزة برأس مال أولي منخفض، وهي مثالية للمشترين لأول مرة الراغبين في امتلاك منزل، أو للمستثمرين الراغبين في إضافة عقار واعد ذي إمكانات تأجيرية عالية إلى محفظتهم الاستثمارية.


اتصل بنا اليوم لمعرفة المزيد أو للتعبير عن اهتمامك بهذه العقارات المميزة.",Al Ameera Village Phase 5,off_plan,313,3,1,2,1067.81,588261,29413,Al Yasmeen,Ajman,northern_emirates,Yes,,"balcony, central-ac, security, covered-parking, private-garden, childrens-play-area",apartment,sale,residential,unfurnished,https://youtu.be/5oUyzCErZBg,,848441
2 BHK Apartment with City And Commnuty View | ...,شقة غرفتين وصالة بإطلالة على المدينة والمنطقة |...,"Discover an Exceptional Family Home: A Spacious 2 BHK Apartment in Al Ameera Village, Phase 5 - Al Yasmeen, Ajman

Presenting a standout investment and lifestyle opportunity within the popular Al Ameera Village community, Phase 5, located in the Al Yasmeen district. This expansive 2-bedroom apartment boasts a generous 1,635.93 sq. ft. layout and enjoys a pleasant dual aspect with City and Community views, blending private living with vibrant surroundings.

Property Highlights:

 Layout: 2 Bedrooms, Hall, and Kitchen
 Total Area: 1,635.93 sq. ft.
 Kitchen Type: Close Kitchen
 Key Features: Private Balcony | Covered Parking

Community Amenities & Features:
This well-planned community is designed for comfort and convenience,offering residents:

 Central Air Conditioning
 24/7 Security Services
 Covered Parking
 Private Garden Areas
 Dedicated Childrens Play Area

Financial Overview & Timeline:

 Total Price: AED 816,246
 Down Payment (Paid): AED 40,812
 Remaining Balance: AED 775,434
 Monthly Installment: AED 8,162
 Expected Handover: Q1 2028
 Important Notes: No Registration Fees | NOC Fee: AED 4,200 | Sold Unfurnished

Ideal for investors seeking a promising opportunity in a thriving community or for families planning their future in a spacious, well-appointed home, this property offers an accessible payment plan with a low initial entry cost.

Contact us today for more details or to schedule a personalized consultation.","اكتشف منزلًا عائليًا استثنائيًا: شقة واسعة من غرفتي نوم وصالة في قرية الأميرا، المرحلة الخامسة - الياسمين، عجمان

فرصة استثمارية مميزة ونمط حياة راقٍ في قرية الأميرا، المرحلة الخامسة، بمنطقة الياسمين. تتميز هذه الشقة الفسيحة بمساحة 1635.93 قدم مربع، وتتمتع بإطلالة رائعة على المدينة والمنطقة المحيطة، مما يجمع بين الخصوصية والحيوية.

مميزات العقار:

 التصميم: غرفتا نوم، صالة، مطبخ
 المساحة الإجمالية: 1635.93 قدم مربع
 نوع المطبخ: مطبخ مغلق
 الميزات الرئيسية: شرفة خاصة موقف سيارات مغطى

مرافق وخدمات المجمع السكني:
صُمم هذا المجمع السكني المتكامل بعناية فائقة لتوفير الراحة والرفاهية للسكان، حيث يوفر لهم:

 تكييف مركزي
 خدمات أمنية على مدار الساعة
 موقف سيارات مغطى
 حدائق خاصة
 منطقة ألعاب مخصصة للأطفال

نظرة عامة على الجوانب المالية والجدول الزمني:

 السعر الإجمالي: 816,246 درهمًا إماراتيًا
 الدفعة المقدمة (المدفوعة): 40,812 درهمًا إماراتيًا
 الرصيد المتبقي: 775,434 درهمًا إماراتيًا
 القسط الشهري: 8,162 درهمًا إماراتيًا
 تاريخ التسليم المتوقع: الربع الأول من عام 2028
 ملاحظات هامة: لا توجد رسوم تسجيل | رسوم شهادة عدم الممانعة: 4,200 درهمًا إماراتيًا | يُباع غير مفروش

يُعد هذا العقار خيارًا مثاليًا للمستثمرين الباحثين عن فرصة استثمارية واعدة في مجمع سكني مزدهر، أو للعائلات التي تخطط لمستقبلها في منزل واسع ومجهز تجهيزًا جيدًا، حيث يوفر خطة سداد ميسرة بتكلفة أولية منخفضة.



يوفر هذا العقار خطة سداد ميسرة بتكلفة دخول أولية منخفضة.
... اتصل بنا اليوم لمزيد من التفاصيل أو لتحديد موعد استشارة شخصية.",Al Ameera Village Phase 5,off_plan,1212,12,2,3,1635.93,816246,40812,Al Yasmeen,Ajman,northern_emirates,Yes,,"balcony, central-ac, security, covered-parking, private-garden, childrens-play-area",apartment,sale,residential,unfurnished,https://youtu.be/bQdoR0tGKRg,,821257
2 BHK apartment For Sale | Oasis Tower 3,شقة غرفتين وصالة للبيع | برج أواسيس 3,"2 BHK apartment in the forthcoming Oasis Tower 3, situated in the sought-after Al Rashidiya 1 area of Ajman.

Designed for those who value ample space and modern comforts, this apartment offers a substantial 1,794.54 sq. ft. of living area. The functional close kitchen layout, private balcony, and included parking provide a foundation for a luxurious lifestyle, while the unfurnished status grants the freedom for personal interior design.

Property Overview:

 Total Built-up Area: 1,794.54 sq. ft.
 Kitchen Design: Close Type
 Includes: Private Balcony & Dedicated Parking

Signature Lifestyle Amenities:
Residents will have exclusive access to a comprehensive suite of luxury facilities,designed for wellness, leisure, and community, including:

 Central Air-Conditioning
 Covered Parking
 Private Gym, Jacuzzi, and Swimming Pool
 Landscaped Private Garden
 Childrens Play Area

Financial Summary & Timeline:

 Price: AED 921,296
 Paid: AED 92,130
 Balance: AED 829,166
 Monthly Installment: AED 11,516
 Project Handover: Q4 2027
 Key Points: No Registration Fees | NOC Fee: AED 4,200

This property represents a strategic investment in a high-caliber development, ideal for investors focusing on long-term capital growth or families securing a future home with exceptional standards of living in a prime Ajman location.

 Contact us today for more details or to schedule a viewing.","شقة من غرفتي نوم وصالة في برج أواسيس 3 قيد الإنشاء، والواقع في منطقة الراشدية 1 المرغوبة في عجمان.

صُممت هذه الشقة خصيصًا لمن يُقدّرون المساحة الواسعة والراحة العصرية، حيث توفر مساحة معيشة رحبة تبلغ 1794.54 قدمًا مربعًا. يُوفر تصميم المطبخ العملي والمُغلق، والشرفة الخاصة، وموقف السيارات المُخصص، أساسًا لنمط حياة فاخر، بينما يُتيح عدم تأثيثها حرية تصميم الديكور الداخلي حسب الرغبة.


نظرة عامة على العقار:

 المساحة المبنية الإجمالية: ١٧٩٤.٥٤ قدم مربع
 تصميم المطبخ: مغلق
 يشمل: شرفة خاصة وموقف سيارة مخصص

 مرافق نمط الحياة المميزة:
 سيتمتع السكان بإمكانية الوصول الحصري إلى مجموعة متكاملة من المرافق الفاخرة، المصممة خصيصًا للرفاهية والاستجمام والتواصل الاجتماعي، وتشمل:

 تكييف مركزي
 موقف سيارات مغطى
 صالة رياضية خاصة، جاكوزي، ومسبح
 حديقة خاصة ذات مناظر طبيعية خلابة
 منطقة ألعاب للأطفال

 ملخص البيانات المالية والجدول الزمني:

 السعر: ٩٢١,٢٩٦ درهمًا إ
 المدفوع: ٩٢,١٣٠ درهمًا 
 الرصيد المتبقي: ٨٢٩,١٦٦ درهمًا 
 القسط الشهري: ١١,٥١٦ درهمًا 
 تسليم المشروع: الربع الأخير من عام ٢٠٢٧
 نقاط رئيسية: لا توجد رسوم تسجيل رسوم شهادة عدم الممانعة: ٤٢٠٠ درهم 

يمثل هذا العقار فرصة استثمارية استراتيجية في مشروع سكني راقٍ، وهو مثالي للمستثمرين الذين يسعون إلى تحقيق نمو رأسمالي طويل الأجل، أو للعائلات التي ترغب في امتلاك منزل مستقبلي بمستوى معيشي استثنائي في موقع متميز في عجمان.

 تواصلوا معنا اليوم لمزيد من التفاصيل أو لتحديد موعد للمعاينة.",Oasis Tower 3,off_plan,301,3,2,3,1794.54,921296,92130,Al Rashidiya 1,Ajman,northern_emirates,Yes,,"balcony, central-ac, covered-parking, private-gym, private-jacuzzi, private-garden, childrens-play-area, private-pool",apartment,sale,residential,unfurnished,,,152177
Barajeel Towers | 2 BHK For Sale,أبراج باراجيل | شقة بغرفتي نوم وصالة للبيع,"Presenting an exceptional future-ready investment
 a spacious 2 BHK apartment in the landmark Barajeel Towers, located in the vibrant Al Rashidiya 1 district of Ajman.

This generously proportioned two-bedroom apartment, spanning 1,434.91 sq. ft., is designed for modern family living and long-term value. Featuring a practical close kitchen, a private balcony, and dedicated parking, this unfurnished unit offers the perfect opportunity to customize a dream home within a world-class development.

Property Specifications:

 2 Bedrooms, Hall, and Kitchen
 Total Area: 1,434.91 sq. ft.
 Layout: Close Kitchen
 Key Features: Private Balcony & Assigned Parking

Exclusive Resident Amenities:
This tower redefines luxury living with a suite of premium private facilities,including:

 Central Air-Conditioning
 Covered Parking
 Private Gym, Jacuzzi, and Swimming Pool
 Serene Private Garden
 Childrens Play Area

Financial & Project Overview:

 Total Price: AED 852,770
 Down Payment (Paid): AED 42,639
 Remaining Balance: AED 810,131
 Monthly Installment: AED 9,644
 Estimated Handover: Q4 2027
 Registration Fees No
 | NOC: AED 4,200

Offering an attractive entry point with a low initial investment, this off-plan property is a strategic acquisition for investors targeting substantial capital appreciation, as well as for families planning ahead for an unparalleled lifestyle in one of Ajman's most anticipated residential addresses.

Secure your stake in this premier development. Contact us for comprehensive details and purchase procedures.","فرصة استثمارية استثنائية جاهزة للمستقبل

شقة واسعة مكونة من غرفتي نوم وصالة في أبراج براجيل الشهيرة، الواقعة في حي الراشدية 1 النابض بالحياة في عجمان.

تتميز هذه الشقة الرحبة، التي تبلغ مساحتها 1434.91 قدم مربع، بتصميمها العصري الذي يلبي احتياجات العائلة ويضمن قيمة استثمارية طويلة الأجل. تضم الشقة مطبخًا عمليًا متصلًا، وشرفة خاصة، وموقف سيارة خاص، وهي غير مفروشة، مما يوفر فرصة مثالية لتصميم منزل أحلامك ضمن مشروع سكني عالمي المستوى.
... مواصفات العقار:

 غرفتا نوم، صالة، ومطبخ
 المساحة الإجمالية: ١٤٣٤.٩١ قدم مربع
 تصميم: مطبخ مغلق
 الميزات الرئيسية: شرفة خاصة وموقف سيارة مخصص

مرافق حصرية للسكان:
يُعيد هذا البرج تعريف مفهوم السكن الفاخر من خلال مجموعة من المرافق الخاصة المتميزة، بما في ذلك:

 تكييف مركزي
 موقف سيارات مغطى
 صالة رياضية خاصة، جاكوزي، ومسبح
 حديقة خاصة هادئة
 منطقة ألعاب للأطفال

نظرة عامة على المشروع والوضع المالي:

 السعر الإجمالي: ٨٥٢,٧٧٠ درهمًا إماراتيًا
 الدفعة المقدمة (المدفوعة): ٤٢,٦٣٩ درهمًا إماراتيًا
 الرصيد المتبقي: ٨١٠,١٣١ درهمًا إماراتيًا
 القسط الشهري: ٩,٦٤٤ درهمًا إماراتيًا
 تاريخ التسليم المتوقع: الربع الأخير من عام ٢٠٢٧
 رسوم التسجيل: لا يوجد

| السعر المبدئي: 4,200 درهم إماراتي

يُقدّم هذا العقار قيد الإنشاء فرصة استثمارية جذابة باستثمار أولي منخفض، وهو استثمار استراتيجي للمستثمرين الذين يسعون إلى تحقيق مكاسب رأسمالية كبيرة، وللعائلات التي تتطلع إلى نمط حياة راقٍ في أحد أرقى الأحياء السكنية في عجمان.

احجز حصتك في هذا المشروع المتميز. تواصل معنا للحصول على كافة التفاصيل وإجراءات الشراء.",Barajeel Towers,off_plan,208,2,2,2,1434.91,852770,42639,Al Rashidiya 1,Ajman,northern_emirates,Yes,,"balcony, central-ac, covered-parking, private-gym, private-jacuzzi, private-garden, childrens-play-area, private-pool",apartment,sale,residential,unfurnished,,,325854
Barajeel Towers | 1 BHK For Sale,أبراج باراجيل | شقة بغرفة نوم وصالة للبيع,"Discover a future of luxury living and sound investment in the prestigious Barajeel Towers, located in the heart of Al Rashidiya 1, Ajman.

This spacious 1 BHK apartment presents an exceptional off-plan opportunity for those looking to secure a premium lifestyle. With a generous total area of 1,283.33 sq. ft., the unit is designed for comfort and elegance, featuring a close kitchen layout, a private balcony, and dedicated parking. The apartment is offered unfurnished, providing you with a blank canvas to create your perfect home.

Property Details:

 1 Bedroom, Hall, and Kitchen
 Total Area: 1,283.33 sq. ft.
 Kitchen Type: Close
 Features: Balcony & Private Parking

Premium Amenities & Features:
Residents will enjoy access to an unparalleled collection of private and community facilities,including:

 Central Air Conditioning
 Covered Parking
 Private Gym, Jacuzzi, and Swimming Pool
 Private Garden
 Childrens Play Area

Financial Highlights:

 Price: AED 898,534
 Paid: AED 44,927
 Balance: AED 853,607
 Monthly Installment: AED 10,162
 Expected Handover: Q4 2027
 Registration Fees: No

Strategically located with easy access to Ajman's key road networks, retail destinations, and daily conveniences, this property in Barajeel Towers is a compelling choice for investors anticipating strong future returns and for end-users seeking to own a distinguished home in a world-class building.

Contact us today for more details or to express your interest in this exclusive offering.","اكتشف مستقبلًا من الرفاهية والاستثمار الأمثل في أبراج براجيل المرموقة، الواقعة في قلب الراشدية 1، عجمان.

تُقدّم هذه الشقة الفسيحة المكونة من غرفة نوم واحدة فرصة استثنائية للراغبين في عيش نمط حياة راقٍ. بمساحة إجمالية تبلغ 1283.33 قدمًا مربعًا، صُممت هذه الوحدة لتوفير الراحة والأناقة، وتتميز بمطبخ مُدمج، وشرفة خاصة، وموقف سيارة خاص. تُعرض الشقة غير مفروشة، مما يتيح لك حرية تصميم منزلك المثالي.


تفاصيل العقار:

 غرفة نوم واحدة، صالة، ومطبخ
 المساحة الإجمالية: ١٢٨٣.٣٣ قدم مربع
 نوع المطبخ: مغلق
 المميزات: شرفة وموقف سيارات خاص

الخدمات والمرافق المميزة:

سيستمتع السكان بمجموعة لا مثيل لها من المرافق الخاصة والعامة، بما في ذلك:

 تكييف مركزي
 موقف سيارات مغطى
 صالة رياضية خاصة، جاكوزي، ومسبح
 حديقة خاصة
 منطقة ألعاب للأطفال

المعلومات المالية:
 السعر: ٨٩٨,٥٣٤ درهمًا
  المدفوع: ٤٤,٩٢٧ درهمًا 
 الرصيد المتبقي: ٨٥٣,٦٠٧ درهمًا 
 القسط الشهري: ١٠,١٦٢ درهمًا 
 تاريخ التسليم المتوقع: الربع الأخير من عام ٢٠٢٧
 رسوم التسجيل: لا يوجد

يتميز هذا العقار في أبراج براجيل بموقع استراتيجي يسهل الوصول منه إلى شبكة الطرق الرئيسية في عجمان، ومراكز التسوق، وجميع الخدمات اليومية، مما يجعله خيارًا مثاليًا. للمستثمرين الذين يتوقعون عوائد مستقبلية مجزية، وللمستخدمين النهائيين الراغبين في امتلاك منزل فاخر في مبنى عالمي المستوى.

تواصلوا معنا اليوم لمزيد من التفاصيل أو لإبداء اهتمامكم بهذا العرض الحصري.",Barajeel Towers,off_plan,104,1,1,2,1283.33,898534,44927,Al Rashidiya 1,Ajman,northern_emirates,Yes,,"balcony, central-ac, covered-parking, private-gym, private-jacuzzi, private-garden, childrens-play-area, private-pool",apartment,sale,residential,unfurnished,,,822525
 ONE 678 Residences | 1 BHK For Sale, ONE 678 Residences| شقة غرفة وصالة للبيع,"Why settle for a standard apartment when you can own a 1-BHK ""Mini-Villa""? Featuring a Private Garden, Jacuzzi, and Gym, this is the most feature-rich 1-Bedroom in Al Zahya, Ajman.
 AT A GLANCE
 * Space: 1,190.44 Sq. Ft. (Super-sized layout)
 * Luxury: Private Garden + Private Jacuzzi + Private Gym
 * Design: Closed Kitchen & Large Balcony
 * Convenience: Covered Parking & Children's Play Area
 * Status: Unfurnished | Handover Q1 2028
 Payment Plan 
 * Total Price: AED 745,261
 * Down Payment (10%): AED 74,526
 * Monthly Payment: AED 9,316
 *  Registration Fees No
  NOC 4200 Compliant
 CONNECTIVITY HUB
 *  05-10 Mins: Al Hamidiya Park | Ajman Corniche
 *  10-20 Mins: City Center | University | Al Zorah Reserve
 *  20-30 Mins: DXB Airport | Sharjah Airport | Amina Hospital
 *  30+ Mins: Downtown Dubai | Al Marjan Island (RAK)
Luxury lifestyle. Boutique features. High rental potential.
 Call us today","لماذا ترضى بشقة عادية بينما يمكنك امتلاك ""فيلا صغيرة"" بغرفة نوم واحدة؟ تتميز هذه الفيلا بحديقة خاصة، وجاكوزي، وصالة رياضية، وهي الأكثر فخامةً من بين شقق غرفة النوم الواحدة في الزاهية، عجمان.

 لمحة سريعة

* المساحة: 1190.44 قدم مربع (تصميم واسع)

* الرفاهية: حديقة خاصة + جاكوزي خاص + صالة رياضية خاصة

* التصميم: مطبخ مغلق وشرفة واسعة

* الراحة: موقف سيارات مغطى ومنطقة ألعاب للأطفال

* الحالة: غير مفروش التسليم في الربع الأول من عام ٢٠٢٨
 خطة الدفع

* السعر الإجمالي: ٧٤٥,٢٦١ درهمًا إماراتيًا

* الدفعة الأولى (١٠٪): ٧٤,٥٢٦ درهمًا إماراتيًا

* القسط الشهري: ٩,٣١٦ درهمًا إماراتيًا

* لا توجد رسوم تسجيل

متوافق مع شهادة عدم الممانعة رقم ٤٢٠٠
 مركز اتصال حيوي

*  ٥-١٠ دقائق: حديقة الحميدية | كورنيش عجمان

*  ١٠-٢٠ دقيقة: سيتي سنتر | الجامعة | محمية الزوراء

*  ٢٠-٣٠ دقيقة: مطار دبي الدولي | مطار الشارقة | مستشفى أمينة

*  ٣٠ دقيقة فأكثر: وسط مدينة دبي | جزيرة المرجان (رأس الخيمة)
نمط حياة فاخر. تصميمات مميزة. إمكانية تأجير عالية.

 اتصل بنا اليوم",One 678 Residences,off_plan,113,1,1,1,1190.44,745261,74526,Al Zahya,Ajman,northern_emirates,Yes,,"balcony, central-ac, covered-parking, private-gym, private-jacuzzi, private-garden, childrens-play-area",apartment,sale,residential,unfurnished,,,986797
 ONE 678 Residences | 2 BHK For Sale, ONE 678 Residences| شقة غرفتين وصالة للبيع," ONE 678 Residences | The Pinnacle of Space & Luxury
Experience expansive living in Al Zahya, Ajman. Apartment 2-BHK designed for those who want more out of their home.
 Unit Overview
 * Type: 2 BHK (Unfurnished)
 * Space: 1,787.86 Sq. Ft.
 * Layout: Closed Kitchen + Balcony
 * Exclusive Extras: Private Garden, Private Jacuzzi, & Private Gym
 * Family Ready: Childrens Play Area & Covered Parking
 Easy 10% Down Payment Plan
 * Total Price: AED 1,013,321
 * Down Payment: AED 101,332
 * Monthly Installment: AED 12,667
 * Zero Registration Fees | NOC 4200 Ready
 * Handover: Q1 2028
 Strategic Location (Al Zahya)
 *  <10 Mins: Al Hamidiya Park | Ajman Corniche
 *  10-20 Mins: City Center | Ajman University | Al Zorah Reserve
 *  20-30 Mins: DXB & Sharjah Airports | Amina Hospital
 *  30 Mins: Downtown Dubai | Al Marjan Island (RAK)
Modern luxury. Unbeatable space. Smart investment.
 Secure your unit now"," ون 678 ريزيدنسز | قمة الفخامة والرحابة
استمتع بتجربة سكنية رحبة في الزاهية، عجمان. شقة غرفتين وصالة مصممة خصيصًا لمن يبحثون عن منزل أحلامهم.

 نظرة عامة على الوحدة

* النوع: غرفتين وصالة (غير مفروشة)

* المساحة: 1787.86 قدم مربع

* التصميم: مطبخ مغلق + شرفة

* مزايا إضافية حصرية: حديقة خاصة، جاكوزي خاص، وصالة رياضية خاصة

* مثالية للعائلات: منطقة ألعاب للأطفال وموقف سيارات مغطى
 خطة دفع ميسرة بدفعة أولى 10%

* السعر الإجمالي: 1,013,321 درهم إماراتي

* الدفعة الأولى: 101,332 درهم إماراتي

* القسط الشهري: 12,667 درهم إماراتي

* بدون رسوم تسجيل جاهز بشهادة عدم ممانعة رقم 4200

* التسليم: الربع الأول من عام 2028
 موقع استراتيجي (الزاهية)

*  أقل من 10 دقائق: حديقة الحميدية | كورنيش عجمان

*  10-20 دقيقة: مركز المدينة | جامعة عجمان | محمية الزوراء

*  20-30 دقيقة: مطارا دبي والشارقة | مستشفى أمينة

*  30 دقيقة: وسط مدينة دبي | جزيرة المرجان (رأس الخيمة)
فخامة عصرية. مساحة لا تُضاهى. استثمار ذكي.

 احجز وحدتك الآن",One 678 Residences,off_plan,2,0,2,3,1787.86,1013321,101332,Al Zahya,Ajman,northern_emirates,Yes,,"balcony, central-ac, covered-parking, private-gym, private-jacuzzi, private-garden, childrens-play-area",apartment,sale,residential,unfurnished,,,345443
Ajman Creek Towers  |1 BHK For Sale in Ajman,أبراج خور عجمان | شقة غرفة نوم و صالة للبيع في ...,"Premium 1-BHK Residence at Ajman Creek Towers

 Property :
 * Unit Type: 1 Bedroom + Hall (1 BHK)
 * Total Area: 1,088.16 Sq. Ft. (Spacious executive layout)
 * Primary View: Panoramic Creek Views
 * Premium Additions: Walk-in Closet, Private Gym, and Private Garden access.
 * Layout: Modern Open Kitchen with a private Balcony.
 * Handover Date: Q4 2027
 * Community Amenities: Shared Swimming Pool, Childrens Play Area, and Secure Covered Parking.
 Payment Plan:
 * Total Purchase Price: AED 794,289
 * Down Payment (10%): AED 79,429
 * Monthly Installment: AED 7,943
 * Remaining Balance: AED 714,860
 * Registration Fees: No
 * NOC 4200 
 Regional Connectivity & Proximity:
Strategic location within Al Rashidiya 1 offers effortless access to the UAEs primary hubs:
 * Under 10 Minutes: Ajman Beach | Al Hamediya Park.
 * 1020 Minutes: Ajman City Center | Ajman University | Al Zorah Nature Reserve.
 * 2030 Minutes: Dubai & Sharjah International Airports | Amina Hospital | Al Marjan Island (RAK).
 * 30+ Minutes: Downtown Dubai | Dubai Mall.
This property represents a high-performing investment asset with competitive entry pricing and premium features that ensure high occupancy rates and long-term capital appreciation.
 For professional inquiries, floor plans, or to secure this unit, please contact our us","شقة فاخرة بغرفة نوم واحدة في أبراج خور عجمان

 مواصفات العقار:

* نوع الوحدة: غرفة نوم + صالة (شقة بغرفة نوم واحدة)

* المساحة الإجمالية: ١٠٨٨.١٦ قدم مربع (تصميم تنفيذي واسع)

* الإطلالة الرئيسية: إطلالات بانورامية على الخور

* إضافات مميزة: خزانة ملابس واسعة، صالة رياضية خاصة، مدخل خاص إلى الحديقة.

* التصميم: مطبخ عصري مفتوح مع شرفة خاصة.

* تاريخ التسليم: الربع الأخير من عام ٢٠٢٧

* مرافق المجمع: مسبح مشترك، منطقة ألعاب للأطفال، وموقف سيارات مغطى وآمن.


 خطة الدفع:

* إجمالي سعر الشراء: 794,289 درهمًا إماراتيًا

* الدفعة الأولى (10%): 79,429 درهمًا إماراتيًا

* القسط الشهري: 7,943 درهمًا إماراتيًا

* الرصيد المتبقي: 714,860 درهمًا إماراتيًا

* رسوم التسجيل: لا توجد

* شهادة عدم ممانعة رقم 4200
 سهولة الوصول والتواصل الإقليمي:

يوفر الموقع الاستراتيجي في الراشدية 1 سهولة الوصول إلى أهم مراكز دولة الإمارات العربية المتحدة:

* أقل من 10 دقائق: شاطئ عجمان | حديقة الحميدية.

* 10-20 دقيقة: مركز مدينة عجمان | جامعة عجمان | محمية الزوراء الطبيعية.

* 20-30 دقيقة: مطارا دبي والشارقة الدوليان | مستشفى أمينة | جزيرة المرجان (رأس الخيمة).

* أكثر من 30 دقيقة: وسط مدينة دبي | دبي مول.

يمثل هذا العقار فرصة استثمارية ممتازة بأسعار تنافسية وميزات راقية تضمن معدلات إشغال عالية ونموًا رأسماليًا طويل الأجل.

 للاستفسارات المهنية، أو للحصول على مخططات الطوابق، أو لحجز هذه الوحدة، يرجى التواصل معنا.",Ajman Creek Towers,off_plan,213,2,1,2,1088.16,794289,79429,Al Rashidiya 1,Ajman,northern_emirates,Yes,,"shared-pool, childrens-play-area, private-garden, private-gym, walk-in-closet",apartment,sale,residential,unfurnished,,,436263
Ajman Creek Towers  | 2 BHK For Sale in Ajman,أبراج خور عجمان | شقة 2 غرف نوم و صالة للبيع في...,"Modern Waterfront living at Ajman Creek Towers
pleased to offer a sophisticated 2-Bedroom residence in the iconic Ajman Creek Towers, situated in the highly desirable Al Rashidiya 1. Combining stunning waterfront views with high-end interior features, this unit is ideal for professionals and modern families seeking a premium lifestyle.
 Property Specifications & Premium Features:
 * Unit Type: 2 Bedrooms + Hall (2 BHK)
 * Total Area: 1,571.22 Sq. Ft.
 * Primary View: Serene Creek Views
 * Distinctive Features: Walk-in Closet, Private Garden, and Private Gym.
 * Kitchen Type: Modern Open Kitchen design.
 * Outdoor Space: Private Balcony.
 * Handover Schedule: Q4 2027
 * Lifestyle Amenities: Shared Swimming Pool, Dedicated Childrens Play Area, and Secure Covered Parking.
 Financial Overview & Structured Payment Plan:
 * Total Purchase Price: AED 1,210,604
 * Down Payment (10%): AED 121,060
 * Monthly Installment: AED 12,106
 * Outstanding Balance: AED 1,089,544
 * Registration Fees : No
 * NOC 4200 
 Strategic Location & Commute Times:
Located at the nexus of Ajmans commercial and recreational districts:
 * Under 10 Minutes: Ajman Beach and Al Hamediya Park.
 * 1020 Minutes: Ajman City Center, Ajman University, and Al Zorah Nature Reserve.
 * 2030 Minutes: Dubai International Airport (DXB), Sharjah International Airport (SHJ), Amina Hospital, and Al Marjan Island (RAK).
 * 30+ Minutes: Downtown Dubai and Dubai Mall.
This 2-BHK unit offers a rare combination of luxury amenities (private gym and walk-in closet) and a prime waterfront location, ensuring strong capital growth and high rental demand.
 For more information, project floor plans, or to book your unit, please contact our sales team:","عيشوا نمط حياة عصري على الواجهة المائية في أبراج خور عجمان
يسرنا أن نقدم لكم شقة فاخرة من غرفتي نوم في أبراج خور عجمان الشهيرة، الواقعة في منطقة الراشدية 1 المرغوبة. تجمع هذه الشقة بين إطلالات خلابة على الواجهة المائية وتصميمات داخلية راقية، مما يجعلها مثالية للمهنيين والعائلات العصرية الباحثين عن نمط حياة مميز.

 مواصفات العقار والميزات المميزة:

* نوع الوحدة: غرفتا نوم + صالة (2 BHK)

* المساحة الإجمالية: 1571.22 قدم مربع

* الإطلالة الرئيسية: إطلالات هادئة على الخور

* الميزات الخاصة: غرفة ملابس واسعة، حديقة خاصة، وصالة رياضية خاصة.

* نوع المطبخ: مطبخ عصري مفتوح.

* المساحة الخارجية: شرفة خاصة.

* موعد التسليم: الربع الأخير من عام 2027

* مرافق نمط الحياة: مسبح مشترك، منطقة ألعاب مخصصة للأطفال، وموقف سيارات مغطى وآمن.


 نظرة عامة مالية وخطة سداد منظمة:

* إجمالي سعر الشراء: 1,210,604 درهم إماراتي

* الدفعة الأولى (10%): 121,060 درهم إماراتي

* القسط الشهري: 12,106 درهم إماراتي

* الرصيد المتبقي: 1,089,544 درهم إماراتي

* رسوم التسجيل: لا توجد

* شهادة عدم ممانعة رقم 4200
 موقع استراتيجي وأوقات التنقل:
يقع المشروع في قلب المناطق التجارية والترفيهية في عجمان:

* أقل من 10 دقائق: شاطئ عجمان وحديقة الحميدية.

* 10-20 دقيقة: مركز مدينة عجمان، جامعة عجمان، ومحمية الزوراء الطبيعية.

* 20-30 دقيقة: مطار دبي الدولي (DXB)، مطار الشارقة الدولي (SHJ)، مستشفى أمينة، وجزيرة المرجان (RAK).

* أكثر من 30 دقيقة: وسط مدينة دبي ودبي مول.

تُقدّم هذه الوحدة السكنية المكونة من غرفتي نوم وصالة مزيجًا فريدًا من وسائل الراحة الفاخرة (صالة رياضية خاصة وخزانة ملابس واسعة) وموقعًا متميزًا على الواجهة البحرية، مما يضمن نموًا رأسماليًا قويًا وطلبًا إيجاريًا مرتفعًا.

 لمزيد من المعلومات، أو للاطلاع على مخططات المشروع، أو لحجز وحدتك، يُرجى التواصل مع فريق المبيعات لدينا.",Ajman Creek Towers,off_plan,213,2,2,3,1571.22,1210604,121060,Al Rashidiya 1,Ajman,northern_emirates,Yes,,"shared-pool, childrens-play-area, private-garden, private-gym, walk-in-closet",apartment,sale,residential,unfurnished,https://youtu.be/1U4ydYu7psk,,382111
Ajman Creek Towers  | 3 BHK For Sale in Ajman,أبراج خور عجمان | شقق 3 غرف نوم للبيع في عجمان,"present a rare opportunity to acquire a palatial 3-BHK residence in the prestigious Ajman Creek Towers, located in the heart of Al Rashidiya 1. This property is designed for those who demand expansive living spaces and premium lifestyle amenities.
 Property Portfolio & Specifications:
 * Unit Type: 3 Bedrooms + Hall (3 BHK)
 * Total Area: 2,750.37 Sq. Ft. (Super-prime scale)
 * Primary View: Panoramic Creek Views
 * Luxury Features: Private Garden, Walk-in Closet, and Private Gym.
 * Layout: Modern Open Kitchen with an expansive Balcony.
 * Handover Date: Q4 2027
 * Building Amenities: Shared Swimming Pool, Childrens Play Area, Covered Parking, and 24/7 Security.
 Payment Property :
 * Total Purchase Price: AED 2,229,785
 * Down Payment (10%): AED 222,979
 * Monthly Installments: AED 22,298
 * Registration Fees: No
 * NOC 4200 
 Prime Location & Access Timeline:
Strategic positioning in Al Rashidiya 1 provides unparalleled connectivity across the Emirates:
 * Under 10 Minutes: Ajman Beach and Al Hamediya Park.
 * 1020 Minutes: Ajman City Center, Ajman University, and Al Zorah Nature Reserve.
 * 2030 Minutes: Dubai International Airport, Sharjah International Airport, Amina Hospital, and Al Marjan Island (RAK).
About 30 Minutes: Downtown Dubai and Dubai Mall.
This residence represents the pinnacle of luxury living in Ajman, offering a unique combination of waterfront serenity and urban convenience. It is an ideal choice for high-net-worth families and discerning investors.
 To request a comprehensive project brochure or to arrange a private consultation, please contact us:","فرصة نادرة لاقتناء شقة فاخرة من ثلاث غرف نوم وصالة في أبراج خور عجمان المرموقة، الواقعة في قلب الراشدية 1. صُممت هذه الشقة خصيصًا لمن يبحثون عن مساحات معيشة واسعة ووسائل راحة فاخرة.

 مواصفات الشقة:

* نوع الوحدة: ثلاث غرف نوم + صالة (3 غرف نوم وصالة)

* المساحة الإجمالية: 2750.37 قدم مربع (مساحة فائقة)

* الإطلالة الرئيسية: إطلالات بانورامية على الخور

* الميزات الفاخرة: حديقة خاصة، غرفة ملابس واسعة، وصالة رياضية خاصة.

* التصميم: مطبخ عصري مفتوح مع شرفة واسعة.

* تاريخ التسليم: الربع الأخير من عام 2027

* مرافق المبنى: مسبح مشترك، منطقة ألعاب للأطفال، موقف سيارات مغطى، وأمن على مدار الساعة.


 طريقة الدفع:

* إجمالي سعر الشراء: 2,229,785 درهم إماراتي

* الدفعة الأولى (10%): 222,979 درهم إماراتي

* القسط الشهري: 22,298 درهم إماراتي

* رسوم التسجيل: لا يوجد

* شهادة عدم ممانعة رقم 4200
 موقع متميز وسهولة الوصول:
يوفر الموقع الاستراتيجي في الراشدية 1 سهولة وصول لا مثيل لها إلى جميع أنحاء الإمارات:

* أقل من 10 دقائق: شاطئ عجمان وحديقة الحميدية.

* 10-20 دقيقة: مركز مدينة عجمان، جامعة عجمان، ومحمية الزوراء الطبيعية.

* 20-30 دقيقة: مطار دبي الدولي، مطار الشارقة الدولي، مستشفى أمينة، وجزيرة المرجان (رأس الخيمة).

حوالي 30 دقيقة: وسط مدينة دبي ودبي مول.

يمثل هذا السكن قمة الفخامة في عجمان، حيث يجمع بين هدوء الواجهة البحرية وراحة الحياة العصرية. يُعدّ هذا المشروع خيارًا مثاليًا للعائلات الثرية والمستثمرين المميزين.

 لطلب كتيب المشروع الشامل أو لترتيب استشارة خاصة، يُرجى التواصل معنا.",Ajman Creek Towers,off_plan,404,4,3,5,2750.37,2229785,222979,Al Rashidiya 1,Ajman,northern_emirates,Yes,,"shared-pool, childrens-play-area, private-garden, private-gym, walk-in-closet",apartment,sale,residential,unfurnished,,,292221
Ajman Pearl Tower  | 2 BHK For Sale in Ajman,برج لؤلؤة عجمان | شقة غرفتين وصالة للبيع في عجمان,"Premium Residential Unit at Ajman Pearl Tower
Pleased to present a high-value real estate opportunity in Al Rashidiya 1, one of Ajmans most established and sought-after residential districts. This expansive 2-BHK unit combines strategic location with superior architectural scale.
 Technical Specifications:
 * Unit Type: 2 Bedrooms + Hall (2 BHK)
 * Total Area: 2,009.41 Sq. Ft. (Exceptional large-scale layout)
 * View: Direct Road View
 * Kitchen Type: Closed Kitchen configuration
 * Handover Date: Q1 2027
 * Key Amenities: Private Gym, Private Balcony, Covered Parking, Central AC, and 24/7 Professional Security.
 * Condition: Unfurnished (Ready for custom fit-out)
 Financial Structure & Payment Plan:
 * Total Purchase Price: AED 1,136,174
 * Down Payment (10%): AED 113,617
 * Monthly Installment: AED 14,202
 * Remaining Balance: AED 1,022,557
 * Incentives: ZERO Registration Fees
 * Compliance: NOC 4200 available
 Strategic Connectivity & Proximity:
The propertys location in Al Rashidiya 1 ensures seamless access to major commercial and leisure hubs:
 * Healthcare & Retail: 10 Mins to Amina Hospital & Ajman City Centre.
 * Leisure: 10 Mins to Ajman Beach | 14 Mins to Al Hamediya Park.
 * Education: 15 Mins to Ajman University.
 * Aviation Hubs: 20 Mins to Sharjah Int'l Airport | 30 Mins to Dubai Int'l Airport.
 * Regional Landmarks: 48 Mins to Al Marjan Island, RAK.
This property represents a robust investment vehicle with high capital appreciation potential and significant rental yield expectations.
 For formal inquiries, detailed brochures, or to schedule a private viewing, please contact our sales department:","وحدة سكنية فاخرة في برج لؤلؤة عجمان
يسرنا أن نقدم لكم فرصة استثمارية عقارية مميزة في الراشدية 1، أحد أرقى وأكثر الأحياء السكنية رواجاً في عجمان. تتميز هذه الوحدة السكنية الفسيحة المكونة من غرفتي نوم وصالة بموقعها الاستراتيجي وتصميمها المعماري الراقي.

 المواصفات الفنية:

* نوع الوحدة: غرفتا نوم + صالة (2 BHK)

* المساحة الإجمالية: 2009.41 قدم مربع (تصميم واسع استثنائي)

* الإطلالة: إطلالة مباشرة على الطريق

* نوع المطبخ: مطبخ مغلق

* تاريخ التسليم: الربع الأول من عام 2027

* المرافق الرئيسية: صالة رياضية خاصة، شرفة خاصة، موقف سيارات مغطى، تكييف مركزي، وأمن احترافي على مدار الساعة.


* الحالة: غير مفروش (جاهز للتجهيز حسب الطلب)
 الهيكل المالي وخطة الدفع:

* إجمالي سعر الشراء: 1,136,174 درهمًا إماراتيًا

* الدفعة الأولى (10%): 113,617 درهمًا إماراتيًا

* القسط الشهري: 14,202 درهمًا إماراتيًا

* الرصيد المتبقي: 1,022,557 درهمًا إماراتيًا

* المزايا: إعفاء من رسوم التسجيل

* المطابقة: شهادة عدم ممانعة رقم 4200 متوفرة
 موقع استراتيجي متميز:
يضمن موقع العقار في الراشدية 1 سهولة الوصول إلى المراكز التجارية والترفيهية الرئيسية:

* الرعاية الصحية والتجزئة: 10 دقائق إلى مستشفى أمينة ومركز مدينة عجمان.

* الترفيه: 10 دقائق إلى شاطئ عجمان | 14 دقيقة إلى حديقة الحميدية.

* التعليم: 15 دقيقة إلى جامعة عجمان.

* المطارات: 20 دقيقة إلى مطار الشارقة الدولي | ٣٠ دقيقة إلى مطار دبي الدولي.

* معالم إقليمية: ٤٨ دقيقة إلى جزيرة المرجان، رأس الخيمة.

يمثل هذا العقار فرصة استثمارية ممتازة ذات إمكانات نمو رأسمالي عالية وعائد إيجاري مجزٍ.

 للاستفسارات الرسمية، أو للحصول على كتيبات تفصيلية، أو لتحديد موعد لمعاينة خاصة، يرجى التواصل مع قسم المبيعات لدينا.",Ajman Pearl Tower,off_plan,102,1,2,3,2009.41,1136174,113617,Al Rashidiya 1,Ajman,northern_emirates,Yes,,"balcony, central-ac, security, pets-allowed, childrens-play-area, covered-parking",apartment,sale,residential,unfurnished,,,588241
Where the Greens Meet the Horizon at  | Studio ...,حيث تلتقي المساحات الخضراء بالأفق | استوديو للب...,"Why settle for a view of concrete when you can start your day with the lush, tranquil expanse of a Championship Golf Course?
At Glam Residence, we believe your home should be your personal recharge station. This isn't just a studio; its a thoughtfully designed sanctuary in the heart of Al ZorahAjmans most exclusive and serene destination.
 
 * The View that Inspires: A rare dual view of the vibrant road and the peaceful Golf Course.
 * Luxury in Every Foot: Nearly 600 sq. ft. of spaceexpertly designed  

 * Exclusive Privacy: Stay active in your private gym, away from the crowds.
 * Nature at Your Doorstep: Feel the coastal breeze from Al Zorah Beach, just 7 minutes away.
 Perfectly Located for the Life You Lead:
 *  8 Mins to Ajman University & City Centre.
 *  8 Mins to Sh. Khalifa Hospital.
 *  7 Mins to the waves of Al Zorah Beach.
 *  Ease of Travel: 24 mins to Sharjah Airport and 35 mins to DXB.
 A Smart Move for Your Future:
 * Total Price: AED 690,118
 * Down Payment: AED 207,035 (Invest in your peace of mind).
 * Monthly Installment: AED 10,064
 * A Gift to You: NO Registration Fees.
Treat yourself to a lifestyle that others only dream of. 
Whether its your first home or your weekend getaway, Glam Residence offers the luxury of being yourself in a place that truly feels like ""you.""
 Let us show you the view in person. Contact us today","لماذا ترضى بإطلالة على الخرسانة بينما يمكنك أن تبدأ يومك بإطلالة خلابة على المساحات الخضراء الهادئة لملعب غولف عالمي؟

في جلام ريزيدنس، نؤمن بأن منزلك يجب أن يكون ملاذك الخاص للاسترخاء وتجديد النشاط. إنه ليس مجرد استوديو، بل ملاذ مصمم بعناية فائقة في قلب الزوراء، الوجهة الأكثر تميزًا وهدوءًا في عجمان.


* إطلالة ملهمة: إطلالة مزدوجة نادرة تجمع بين حيوية الطريق وهدوء ملعب الغولف.

* فخامة في كل زاوية: مساحة تقارب 600 قدم مربع، مصممة بخبرة عالية.

* خصوصية تامة: حافظ على نشاطك في صالة الألعاب الرياضية الخاصة بك، بعيدًا عن صخب المدينة.

* الطبيعة على عتبة دارك: استمتع بنسيم البحر العليل من شاطئ الزوراء، على بُعد 7 دقائق فقط.

 موقع مثالي لنمط حياتك:

*  8 دقائق إلى جامعة عجمان ومركز المدينة.

*  8 دقائق إلى مستشفى الشيخ خليفة.


*  ٧ دقائق فقط تفصلك عن أمواج شاطئ الزوراء.

 سهولة الوصول: ٢٤ دقيقة إلى مطار الشارقة و٣٥ دقيقة إلى مطار دبي الدولي.

 خطوة ذكية لمستقبلك:

السعر الإجمالي: ٦٩٠,١١٨ درهمًا إماراتيًا

الدفعة الأولى: ٢٠٧,٠٣٥ درهمًا إماراتيًا (استثمر في راحة بالك).

القسط الشهري: ١٠,٠٦٤ درهمًا إماراتيًا

هدية لك: لا رسوم تسجيل.

دلل نفسك بأسلوب حياة يحلم به الآخرون.

سواء كان منزلك الأول أو ملاذك لقضاء عطلة نهاية الأسبوع، يوفر لك مشروع جلام ريزيدنس رفاهية أن تكون على طبيعتك في مكان يعكس شخصيتك.

 دعنا نريك المنظر بنفسك. تواصل معنا اليوم",Glam Residence,completed,302,3,1,1,597.5,690118,207035,Al Zorah,Ajman,northern_emirates,,,"central-ac, covered-parking, private-gym",apartment,sale,residential,unfurnished,https://vimeo.com/1010576674?fl=pl&fe=sh,,320215
Where the Greens Meet the Horizon at  | 1 BHK i...,حيث تلتقي المساحات الخضراء بالأفق | شقة بغرفة ن...," Where the Greens Meet the Horizon: Your Sanctuary at Glam Residence 
Imagine waking up every morning, stepping onto your balcony, and being greeted by the breathtaking serenity of a world-class Golf Course view. At Glam Residence, life slows down just enough for you to savor every moment.
Located in the prestigious Al Zorah, this isn't just an addressit's a reward for your hard work. It's the peace of mind youve been searching for.
 A Space That Understands You:
 * The View: A daily masterpiece of lush greenery and open skies right outside your window.
 * Your Private Retreat: 950 sq. ft. of elegance, featuring a closed kitchen for those quiet family dinners and a private gym because your wellness deserves its own space.
 * The Perfect Balance: The sophistication of urban living blended with the calming soul of Al Zorahs natural beauty.
 Minutes Away from Your Best Life:
You are never far from what matters, yet you feel worlds away from the noise:
 *  7 Mins to the pristine Al Zorah .
 *  8 Mins to Ajman City Centre for your shopping fix.
 *  8 Mins to Ajman University & top-tier healthcare.
 *  Quick Connections: Reach Sharjah in 24 mins or Dubai International Airport in 35 mins.
 An Investment in Your Future:
 * Total Price: AED 1,135,277
 * Down Payment: AED 340,583 (The first step toward your new legacy).
 * Monthly Installment: AED 16,556
 * Exclusive Benefit: ZERO Registration Fees.
You don't just live here. You belong here. Elevate your standard of living and give your family the lifestyle they deserve in the most sought-after community in Ajman.
 Experience the magic of Al Zorah. Contact us for a private consultation"," حيث تلتقي الخضرة بالأفق: ملاذك في جلام ريزيدنس 
تخيّل أن تستيقظ كل صباح، وتخطو إلى شرفتك، لتستقبلك هدوءٌ ساحرٌ وإطلالةٌ خلابةٌ على ملعب غولف عالمي المستوى. في جلام ريزيدنس، تتباطأ وتيرة الحياة بما يكفي لتستمتع بكل لحظة.

يقع جلام ريزيدنس في منطقة الزوراء المرموقة، وهو ليس مجرد عنوان، بل هو مكافأةٌ لجهودك. إنه راحة البال التي طالما بحثت عنها.

 مساحةٌ تُناسب ذوقك:

* الإطلالة: تحفةٌ فنيةٌ يوميةٌ من الخضرة الوارفة والسماء الصافية أمام نافذتك مباشرةً.

* ملاذك الخاص: 950 قدمًا مربعًا من الأناقة، تضم مطبخًا مغلقًا لوجبات عائلية هادئة، وصالة رياضية خاصة لأن صحتك تستحق مساحتها الخاصة.

* التوازن المثالي: مزيجٌ من رقي الحياة العصرية وجمال الطبيعة الهادئ في الزوراء.


 دقائق معدودة تفصلك عن أفضل حياة:

أنت قريب دائمًا مما يهمك، ومع ذلك تشعر وكأنك في عالم آخر بعيدًا عن صخب الحياة:

 7 دقائق إلى منطقة الزوراء الخلابة.

 8 دقائق إلى مركز مدينة عجمان للتسوق.

 8 دقائق إلى جامعة عجمان وأفضل مراكز الرعاية الصحية.

 سهولة الوصول: الوصول إلى الشارقة في 24 دقيقة أو مطار دبي الدولي في 35 دقيقة.

 استثمار في مستقبلك:

* السعر الإجمالي: 1,135,277 درهمًا إماراتيًا

* الدفعة الأولى: 340,583 درهمًا إماراتيًا (الخطوة الأولى نحو مستقبلك).

* القسط الشهري: 16,556 درهمًا إماراتيًا

* ميزة حصرية: إعفاء من رسوم التسجيل.
أنت لست مجرد ساكن هنا، بل أنت جزء من هذا المكان. ارتقِ بمستوى معيشتك ووفر لعائلتك أسلوب الحياة الذي تستحقه في أرقى مجمع سكني في عجمان.

 اكتشف سحر الزوراء. تواصل معنا لحجز استشارة خاصة.",Glam Residence,completed,403,4,1,2,950.02,1135277,340583,Al Zorah,Ajman,northern_emirates,Yes,,"balcony, central-ac, covered-parking, private-gym",apartment,sale,residential,unfurnished,https://vimeo.com/1010576674?fl=pl&fe=sh,,452522
Experience Spacious Elegance at Infinity Towers...,استمتع بالفخامة والرحابة في أبراج إنفينيتي | شق...,"Infinity Towers | 2 BHK For Sale in Al Amerah
Are you looking for a home that doesn't compromise on space? Step into one of Ajman's most generous 2-Bedroom apartments, offering nearly 1,700 sq. ft. of refined living space and a design built for modern families.
 Highlights of This Residence:
 * Expansive Area: 1,699.17 Sq. Ft. (Significantly larger than standard 2-bedroom units).
 * Family Privacy: Featuring a closed kitchen layout and a private balcony with a road view.
 * Modern Comforts: High-speed elevators, central AC, and dedicated covered parking.
 * Active Lifestyle: Access to a state-of-the-art shared gym and landscaped relaxation zones.
 * Pet-Friendly: A community that welcomes your entire family, including pets!
 Easy Payment Plan:
 * Total Price: AED 1,092,280
 * Low Entry Cost: Only AED 54,614 Down Payment (5%)!
 * Monthly Installment: AED 12,353
 * Zero Registration Fees!
 * Handover: Q1 2028
 Perfectly Positioned in Al Amerah, Ajman:
Enjoy a serene residential environment with rapid access to the UAE's key hubs:
 *  5 Mins to Al Hamediya Park.
 *  10 Mins to Amina Hospital & Ajman City Centre.
 *  15 Mins to Ajman Beach & Ajman University.
 *  20 Mins to Sharjah International Airport.
 *  30 Mins to Dubai International Airport.
Dont miss this chance to own a piece of Ajmans rising skyline with a flexible, investor-friendly plan.
 For bookings and inquiries, contact us now","أبراج إنفينيتي | شقة غرفتين وصالة للبيع في العامرة
هل تبحث عن منزل يوفر لك مساحة رحبة؟ إليك إحدى أروع شقق غرفتين وصالة في عجمان، بمساحة تقارب 1700 قدم مربع من المساحة المعيشية الراقية، بتصميم عصري يناسب العائلات.

 مميزات هذه الشقة:

* مساحة واسعة: 1699.17 قدم مربع (أكبر بكثير من الشقق القياسية المكونة من غرفتي نوم).

* خصوصية عائلية: مطبخ مغلق وشرفة خاصة بإطلالة على الطريق.

* وسائل راحة عصرية: مصاعد عالية السرعة، تكييف مركزي، وموقف سيارات مغطى.

* نمط حياة نشط: إمكانية الوصول إلى صالة رياضية مشتركة مجهزة بأحدث التقنيات ومناطق استرخاء ذات مناظر طبيعية خلابة.

* صديقة للحيوانات الأليفة: مجتمع يرحب بجميع أفراد عائلتك، بما في ذلك حيواناتك الأليفة!

 خطة دفع :

* السعر الإجمالي: 1,092,280 درهمًا إماراتيًا

* تكلفة دخول منخفضة: دفعة أولى 54,614 درهمًا إماراتيًا فقط (5%)!

* القسط الشهري: 12,353 درهمًا إماراتيًا

* بدون رسوم تسجيل!

* التسليم: الربع الأول من عام 2028
 موقع مثالي في العامرة، عجمان:

استمتع ببيئة سكنية هادئة مع سهولة الوصول إلى أهم مراكز الإمارات:

*  5 دقائق إلى حديقة الحميدية.

*  10 دقائق إلى مستشفى أمينة ومركز مدينة عجمان.

*  15 دقيقة إلى شاطئ عجمان وجامعة عجمان.

*  20 دقيقة إلى مطار الشارقة الدولي.

*  30 دقيقة إلى مطار دبي الدولي.


لا تفوّت هذه الفرصة لامتلاك جزء من أفق عجمان المتنامي بخطة استثمارية مرنة ومناسبة.

 للحجز والاستفسار، تواصل معنا الآن.",Infinity Towers,off_plan,214,2,2,3,1699.17,1092280,54614,Al Amerah,Ajman,northern_emirates,Yes,,"balcony, central-ac, covered-parking, private-gym, childrens-play-area, private-pool",apartment,sale,residential,unfurnished,,,632234
3 BHK For Sale | Infinity Towers,شقة 3 غرف نوم للبيع | أبراج إنفينيتي," Grand Family Living at Infinity Towers | Huge 3 BHK in Al Amerah
Discover the pinnacle of space and comfort. We are offering a massive 3-Bedroom apartment (over 2,000 sq. ft.!) in the prestigious Infinity Towers, Ajman. Perfect for families who refuse to compromise on size and location.
 Key Features of Your New Home:
 * Massive Area: 2,039.88 Sq. Ft. (Huge living spaces for the whole family).
 * Private Balcony: Enjoy the road view and fresh air from your own balcony.
 * Family-First Design: Closed kitchen for maximum privacy and organization.
 * Premium Amenities: Covered parking, shared gym, 24/7 security, and pet-friendly environment.
 * Status: Unfurnisheda blank canvas for your dream interior design.
 Exclusive Flexible Payment Plan:
 * Total Price: AED 1,304,885
 * Unbeatable Down Payment: Only AED 65,244 (5%)!
 * Monthly Installment: AED 14,758
 * NO Registration Fees!
 * Handover: Q1 2028
 Connected to Everything (The Heart of Ajman):
 *  5 Mins to Al Hamediya Park.
 *  10 Mins to Amina Hospital & Ajman City Centre.
 *  15 Mins to Ajman Beach & Ajman University.
 *  20 Mins to Sharjah International Airport.
 *  30 Mins to Dubai International Airport.
Upgrade your lifestyle with a home that fits your familys future.
 Book your unit today"," عيشوا حياة عائلية رائعة في أبراج إنفينيتي | شقة فسيحة بثلاث غرف نوم في العامرة
اكتشفوا قمة الرحابة والراحة. نقدم لكم شقة فسيحة بثلاث غرف نوم (أكثر من 2000 قدم مربع!) في أبراج إنفينيتي المرموقة في عجمان. مثالية للعائلات التي لا تتنازل عن المساحة والموقع.

 أهم مميزات منزلكم الجديد:

* مساحة واسعة: 2039.88 قدم مربع (مساحات معيشة رحبة لجميع أفراد العائلة).

* شرفة خاصة: استمتعوا بإطلالة رائعة على الطريق والهواء النقي من شرفتكم الخاصة.

* تصميم يراعي احتياجات العائلة: مطبخ مغلق يوفر أقصى درجات الخصوصية والتنظيم.

* مرافق مميزة: موقف سيارات مغطى، صالة رياضية مشتركة، أمن على مدار الساعة، بيئة صديقة للحيوانات الأليفة.

* الحالة: غير مفروشة - مساحة مفتوحة لتصميم ديكوركم الداخلي الذي تحلمون به.


 خطة دفع مرنة وحصرية:

* السعر الإجمالي: 1,304,885 درهم إماراتي

* دفعة أولى لا تُضاهى: 65,244 درهم إماراتي فقط (5%)!

* القسط الشهري: 14,758 درهم إماراتي

* بدون رسوم تسجيل!

* التسليم: الربع الأول من عام 2028
 موقع متميز في قلب عجمان:

*  5 دقائق إلى حديقة الحميدية.

*  10 دقائق إلى مستشفى أمينة ومركز مدينة عجمان.

*  15 دقيقة إلى شاطئ عجمان وجامعة عجمان.

*  20 دقيقة إلى مطار الشارقة الدولي.

*  30 دقيقة إلى مطار دبي الدولي.

ارتقِ بمستوى معيشتك مع منزل يُلبي احتياجات عائلتك المستقبلية.

 احجز وحدتك اليوم",Infinity Towers,off_plan,213,2,3,4,2039.88,1304885,65244,Al Amerah,Ajman,northern_emirates,Yes,,"balcony, central-ac, covered-parking, private-gym, childrens-play-area, private-pool",apartment,sale,residential,unfurnished,,,747552
Studio with Sheikh Mohammed Bin Zayed Road View...,استوديو بإطلالة على شارع الشيخ محمد بن زايد | ب...," Smart Investment: Premium Studio with Direct Highway Access!
Looking for a high-yield investment or a modern bachelor pad? Own a spacious Studio in the iconic Sky Gardens Tower, located in the rapidly developing Al Amerah, Ajman.
 Why This Studio?
 * Generous Space: 707.59 Sq. Ft. (Larger than most standard studios).
 * Open Concept: Modern open kitchen layout for a seamless living experience.
 * Prime View: Overlooking Sheikh Mohammed Bin Zayed Road.
 * Full Facilities: Includes covered parking, shared gym, 24/7 security, and central AC.
 * Pet Friendly: Bring your furry friends along!
 Your Financial Path to Ownership:
 * Total Price: AED 489,936
 * Low Down Payment: AED 48,994
 * Easy Monthly Installment: AED 6,124
 * NO Registration Fees!
 * Handover: Q1 2028
 Location Perks:
Perfectly positioned for commuters and families alike:
 *  Directly on Sheikh Mohammed Bin Zayed Road.
 *  15 Mins to Sharjah | 30 Mins to Dubai.
 *  Close to Everything: International schools, clinics, and major shopping hubs.
 *  Leisure Nearby: Quick access to Al Zorah Nature Reserve and Ajman Marina.
Stop renting and start owning! This studio is the perfect entry into the UAE property market.
 Call today for more information"," استثمار ذكي: استوديو فاخر مع مدخل مباشر إلى الطريق السريع!

هل تبحث عن استثمار مربح أو شقة عصرية للعزاب؟ امتلك استوديو واسعًا في برج سكاي جاردنز الشهير، الواقع في منطقة العامرة سريعة التطور في عجمان.

 لماذا هذا الاستوديو؟

* مساحة واسعة: 707.59 قدم مربع (أكبر من معظم الاستوديوهات القياسية).

* تصميم مفتوح: مطبخ عصري مفتوح لتجربة معيشية سلسة.

* إطلالة مميزة: مطلة على شارع الشيخ محمد بن زايد.

* مرافق متكاملة: تشمل موقف سيارات مغطى، صالة رياضية مشتركة، أمن على مدار الساعة، وتكييف مركزي.

* مناسب للحيوانات الأليفة: اصطحب حيواناتك الأليفة معك!

 مسارك المالي للتملك:

* السعر الإجمالي: 489,936 درهمًا إماراتيًا

* دفعة أولى منخفضة: 48,994 درهمًا إماراتيًا

* قسط شهري ميسر: 6,124 درهمًا إماراتيًا

* بدون رسوم تسجيل! * التسليم: الربع الأول من عام ٢٠٢٨
 مزايا الموقع:
موقع مثالي للموظفين والعائلات على حد سواء:

 مباشرةً على شارع الشيخ محمد بن زايد.

 ١٥ دقيقة إلى الشارقة | ٣٠ دقيقة إلى دبي.

 قريب من كل شيء: مدارس دولية، عيادات، ومراكز تسوق رئيسية.

 أماكن ترفيهية قريبة: سهولة الوصول إلى محمية الزوراء الطبيعية ومرسى عجمان.

توقف عن الاستئجار وابدأ بالتملك! هذا الاستوديو هو الخيار الأمثل لدخول سوق العقارات في الإمارات.

 اتصل بنا اليوم لمزيد من المعلومات",Sky Gardens Tower,off_plan,4,0,1,1,707.59,489936,48994,Al Amerah,Ajman,northern_emirates,,,"central-ac, security, covered-parking, pets-allowed, shared-gym",apartment,sale,residential,unfurnished,https://vimeo.com/1096529236?fl=pl&fe=sh,,848444
1 BHK  For Sale | Sky Gardens Tower  Ajman .,شقة بغرفة نوم مع صالة للبيع | برج سكاي جاردنز -...," Modern Living with a Private Pool | Sky Gardens Tower  Ajman
Experience the perfect balance of luxury and affordability. Own a massive 1-Bedroom apartment in Al Amerah with an incredible payment plan and your very own private pool and jacuzzi!
 Unit Features:
 * Size: 1,081.79 Sq. Ft. (Exceptionally spacious for a 1 BHK).
 * Unique Luxury: Features a Private Pool & Private Jacuzzi inside your unit!
 * Layout: Modern open kitchen design and dedicated parking.
 * View: Direct, unobstructed view of Sheikh Mohammed Bin Zayed Road.
 * Amenities: 24/7 Security, Central AC, Shared Gym, Kids' Play Area, and Pet-Friendly policy.
  Payment Plan:
 * Total Price: AED 679,075
 * Low Down Payment: AED 67,907
 * Affordable Monthly Installment: AED 8,488
 * Zero Registration Fees!
 * Handover: Q1 2028
 The Ultimate Location:
Located in Al Amerah, Ajman, putting you at the center of convenience:
 *  Direct Access to Sheikh Mohammed Bin Zayed Road.
 *  15 Minutes to Sharjah.
 *  30 Minutes to Dubai.
 *  Everything Nearby: Steps away from international schools, hospitals, and shopping malls.
 *  Leisure: Minutes away from Ajman Corniche and Al Zorah Nature Reserve.
Don't miss out on this high-ROI investment or your dream home!
 Contact us now to secure your unit:"," عيش حياة عصرية مع مسبح خاص | أبراج سكاي جاردنز - عجمان
استمتع بتجربة مثالية تجمع بين الفخامة والسعر المناسب. امتلك شقة واسعة بغرفة نوم واحدة في العامرة مع خطة سداد مميزة ومسبح وجاكوزي خاصين بك!

 مميزات الوحدة:

* المساحة: ١٠٨١.٧٩ قدم مربع (واسعة للغاية بالنسبة لشقة بغرفة نوم واحدة).

* فخامة فريدة: مسبح وجاكوزي خاصان داخل وحدتك!

* التصميم: مطبخ عصري مفتوح وموقف سيارات خاص.

* الإطلالة: إطلالة مباشرة على شارع الشيخ محمد بن زايد.

* المرافق: أمن على مدار الساعة، تكييف مركزي، صالة رياضية مشتركة، منطقة ألعاب للأطفال، وسياسة تسمح باصطحاب الحيوانات الأليفة.


 خطة الدفع:

* السعر الإجمالي: 679,075 درهمًا إماراتيًا

* دفعة أولى منخفضة: 67,907 درهمًا إماراتيًا

* قسط شهري ميسر: 8,488 درهمًا إماراتيًا

* بدون رسوم تسجيل!

* التسليم: الربع الأول من عام 2028
 الموقع الأمثل:
يقع المشروع في منطقة العامرة، عجمان، مما يضعك في قلب الراحة والرفاهية:

 وصول مباشر إلى شارع الشيخ محمد بن زايد.

 15 دقيقة إلى الشارقة.

 30 دقيقة إلى دبي.

 كل ما تحتاجه على مقربة: على بُعد خطوات من المدارس الدولية والمستشفيات ومراكز التسوق.

 أماكن ترفيهية: على بُعد دقائق من كورنيش عجمان ومحمية الزوراء الطبيعية.

لا تفوّت هذه الفرصة الاستثمارية ذات العائد المرتفع أو منزل أحلامك!

 تواصل معنا الآن لحجز وحدتك:",Sky Gardens Tower,off_plan,11,0,1,3,1081.79,679075,67907,Al Amerah,Ajman,northern_emirates,,,"central-ac, security, pets-allowed, shared-gym, private-jacuzzi, childrens-play-area, private-pool",apartment,sale,residential,unfurnished,https://vimeo.com/1096529236?fl=pl&fe=sh,,174158
Sky Gardens Tower  | 2 BHK For Sale,برج سكاي جاردنز | شقة غرفتين وصالة للبيع,"Looking for the perfect blend of space, comfort, and accessibility? Discover your future home in the heart of Al Amerah, Ajman, with a stunning 2-BHK apartment overlooking the iconic Sheikh Mohammed Bin Zayed Road.
 Property Highlights:
 * Spacious Layout: 1,405.81 Sq. Ft. of modern living space.
 * Prime View: Directly facing Sheikh Mohammed Bin Zayed Road.
 * Private Amenities: Enjoy your own Private Pool & Jacuzzi right at home.
 * Features: Closed kitchen, private balcony, and dedicated parking.
 * Lifestyle: Access to a shared gym, kids' play area, and pet-friendly environment.
 Unbeatable Payment Plan:
 * Total Price: AED 811,148
 * Down Payment: AED 81,115
 * Monthly Installment: AED 10,139
 * Registration Fees: ZERO (Free Registration)
 * Handover: Q1 2028
 Location & Connectivity:
Stay connected to everything that matters:
 *  Direct Access to Sheikh Mohammed Bin Zayed Road.
 *  15 Mins to Sharjah.
 *  30 Mins to Dubai.
 *  Close to Ajman Corniche, Ajman Marina, and Al Zorah Nature Reserve.
 *  Walking distance to international schools, shopping malls, and healthcare facilities.
Experience the height of luxury in Ajmans fastest-growing community.
 For more details or to book a viewing, contact us today:","هل تبحث عن مزيج مثالي من المساحة والراحة وسهولة الوصول؟ اكتشف منزلك المستقبلي في قلب العامرة، عجمان، مع شقة رائعة مكونة من غرفتي نوم وصالة تطل على شارع الشيخ محمد بن زايد الشهير.

 مميزات العقار:

* تصميم واسع: مساحة معيشة عصرية تبلغ 1405.81 قدم مربع.

* إطلالة مميزة: تقع مباشرة على شارع الشيخ محمد بن زايد.

* مرافق خاصة: استمتع بمسبح وجاكوزي خاصين بك في منزلك.

* مميزات إضافية: مطبخ مغلق، شرفة خاصة، وموقف سيارات خاص.

* نمط حياة مميز: إمكانية استخدام صالة رياضية مشتركة، منطقة ألعاب للأطفال، وبيئة صديقة للحيوانات الأليفة.


 خطة دفع لا تُضاهى:

* السعر الإجمالي: 811,148 درهمًا إماراتيًا

* الدفعة الأولى: 81,115 درهمًا إماراتيًا

* القسط الشهري: 10,139 درهمًا إماراتيًا

* رسوم التسجيل: صفر (التسجيل مجاني)

* التسليم: الربع الأول من عام 2028
 الموقع والتواصل:

ابقَ على اتصال بكل ما يهمك:

*  وصول مباشر إلى شارع الشيخ محمد بن زايد.

*  15 دقيقة إلى الشارقة.

*  30 دقيقة إلى دبي.

*  قريب من كورنيش عجمان، ومرسى عجمان، ومحمية الزوراء الطبيعية.

*  على بُعد خطوات من المدارس الدولية، ومراكز التسوق، والمرافق الصحية.

عِش تجربة الرفاهية المطلقة في أسرع مجتمعات عجمان نموًا.

 لمزيد من التفاصيل أو لحجز موعد للمعاينة، تواصل معنا اليوم.",Sky Gardens Tower,off_plan,102,1,2,3,1405.81,811148,81115,Al Amerah,Ajman,northern_emirates,Yes,,"balcony, central-ac, security, pets-allowed, shared-gym, private-jacuzzi, childrens-play-area, private-pool",apartment,sale,residential,unfurnished,https://vimeo.com/1096529236?fl=pl&fe=sh,,252251
